Noelle,Steer,nsteer0@narod.ru,Female,Brainsphere,Umm Şalāl ‘Alī,Environmental Specialist
Kienan,Bischof,kbischof1@wikia.com,Male,Quamba,San José de Río Tinto,VP Marketing
Heath,Flemmich,hflemmich2@pcworld.com,Male,Devbug,Paratunka,Editor
Jonah,Bretton,jbretton3@desdev.cn,Male,Thoughtbridge,Bhakkar,Account Coordinator
Annalise,D'Alessandro,adalessandro4@nytimes.com,Female,Vinder,Hebei,VP Sales
Starr,Fance,sfance5@usnews.com,Female,Zoozzy,Uzhhorod,VP Product Management
Ashli,Geekie,ageekie6@tinypic.com,Female,Thoughtbridge,Guaçuí,Junior Executive
Meredeth,Almeida,malmeida7@list-manage.com,Male,Eadel,Oussivo,Statistician III
Hortensia,Beevor,hbeevor8@epa.gov,Female,Meembee,Martingança-Gare,Safety Technician III
Leann,Skirrow,lskirrow9@weebly.com,Female,Geba,Thị Trấn Vạn Hà,Budget/Accounting Analyst III
Ginevra,Penhall,gpenhalla@cbc.ca,Female,Oyoba,Pointe-à-Pitre,General Manager
Brooks,Ballach,bballachb@infoseek.co.jp,Female,Myworks,Huangdu,Electrical Engineer
Cecile,Gilyott,cgilyottc@360.cn,Female,Eidel,Toyokawa,Software Consultant
Romain,Brandone,rbrandoned@stanford.edu,Male,Tagtune,Bayt Ta‘mar,Financial Analyst
Meridith,Zywicki,mzywickie@soundcloud.com,Female,Twitterbeat,Sumberdadi,Electrical Engineer
Melvin,Flawith,mflawithf@freewebs.com,Male,Jayo,São Gonçalo do Amarante,Assistant Manager
Barth,Wagstaffe,bwagstaffeg@unicef.org,Male,Jayo,Farriar,VP Product Management
Rhianna,Sutton,rsuttonh@latimes.com,Female,Yodel,Gorskaya,GIS Technical Architect
Hyacinthe,Rought,hroughti@clickbank.net,Female,Trudeo,Nzega,Payment Adjustment Coordinator
Abel,Runcieman,arunciemanj@google.cn,Male,Skibox,Bessonovka,Senior Editor
Andie,Bisco,abiscok@wikimedia.org,Female,Twimm,Viimsi,Technical Writer
Lemmy,Lamping,llampingl@indiatimes.com,Male,Twimm,Gangu Chengguanzhen,GIS Technical Architect
Cordi,Newbury,cnewburym@pcworld.com,Female,Tagtune,Lalapanzi,Physical Therapy Assistant
Even,Wasteney,ewasteneyn@ft.com,Male,Zoonder,Āgaro,Data Coordiator
Adolphe,Mannock,amannocko@4shared.com,Male,Avamm,Tyresö,Desktop Support Technician
Benyamin,Aujean,baujeanp@tuttocitta.it,Male,Innotype,Birendranagar,Project Manager
Morrie,Helliar,mhelliarq@paypal.com,Male,Tagpad,Heku,Associate Professor
Yovonnda,Eagar,yeagarr@devhub.com,Female,Skynoodle,Gondar,Nurse Practicioner
Whit,Wyche,wwyches@usgs.gov,Male,Ailane,Ambositra,VP Product Management
Elizabet,Connors,econnorst@usatoday.com,Female,Agivu,Gagnoa,Developer IV
Ancell,Maryin,amaryinu@meetup.com,Male,Cogilith,Kariaí,Nuclear Power Engineer
Domeniga,Duligal,dduligalv@instagram.com,Female,Flipbug,Laranganglintong,Media Manager IV
Sybille,Frances,sfrancesw@networksolutions.com,Female,Flashpoint,Shushenskoye,Help Desk Operator
Adolph,Somerscales,asomerscalesx@ca.gov,Male,Thoughtstorm,Almaty,Product Engineer
Trefor,Gunston,tgunstony@twitpic.com,Male,Abata,As Saffānīyah,Business Systems Development Analyst
Flinn,Micheu,fmicheuz@wufoo.com,Male,Oyoba,Angers,Programmer Analyst II
Kessiah,Mollison,kmollison10@360.cn,Female,Riffwire,Lhokkruet,Recruiting Manager
Hermie,Highnam,hhighnam11@mapquest.com,Male,Kwideo,Xinpu,Systems Administrator II
Ethelred,Croughan,ecroughan12@fastcompany.com,Male,Plambee,Biris Daja,Senior Financial Analyst
Yoko,Greenhow,ygreenhow13@cbsnews.com,Female,Twinder,Xumai,Legal Assistant
Melba,Simpole,msimpole14@seesaa.net,Female,Gabtype,Mjölby,Nuclear Power Engineer
Karyl,Ismead,kismead15@china.com.cn,Female,Twitternation,Marcos Juárez,Programmer II
Marne,Fabry,mfabry16@globo.com,Female,Riffpath,Créteil,Help Desk Operator
Ardis,Goodinson,agoodinson17@comsenz.com,Female,Tagfeed,Vancouver,Cost Accountant
Alejandro,Nodin,anodin18@desdev.cn,Male,Wikizz,Dalar,Software Consultant
Lucais,Silvermann,lsilvermann19@bbb.org,Male,Kazio,Masaran,Actuary
Bambi,Ianelli,bianelli1a@nih.gov,Female,Tavu,Yurla,Nuclear Power Engineer
Cathi,Lichtfoth,clichtfoth1b@netlog.com,Female,Dynabox,Pervoavgustovskiy,General Manager
Devi,Jiru,djiru1c@cnet.com,Female,Yodoo,Qaţanah,Social Worker
Haze,Summerill,hsummerill1d@blogger.com,Male,Kayveo,Anka,VP Marketing
Myrah,Kellar,mkellar1e@whitehouse.gov,Female,Wordify,Huangshanguan,Senior Cost Accountant
Suzette,Garbutt,sgarbutt1f@marketwatch.com,Female,Youopia,Aghavnatun,VP Marketing
Gris,Sterrick,gsterrick1g@mlb.com,Male,Cogilith,Pajak,Accounting Assistant II
Manolo,Evins,mevins1h@ftc.gov,Male,Feedfish,Köln,Office Assistant I
Crystie,Rafferty,crafferty1i@marriott.com,Female,Zoomdog,Cola,Analyst Programmer
Deanna,Norcock,dnorcock1j@networksolutions.com,Female,Talane,Yuandianhui,Executive Secretary
Sophey,Grigolli,sgrigolli1k@amazon.co.uk,Female,Edgeify,Shchuchin,Actuary
Jean,Spinozzi,jspinozzi1l@admin.ch,Male,Aimbo,Yug,Database Administrator I
Fleur,Coomes,fcoomes1m@ask.com,Female,Quinu,Dongfeng,Associate Professor
Clarette,Allflatt,callflatt1n@twitpic.com,Female,Eayo,Chandmanĭ,VP Sales
Sybille,Henze,shenze1o@ycombinator.com,Female,Zooveo,São Luís,Accounting Assistant IV
Bondy,Quested,bquested1p@economist.com,Male,Livefish,Bilüü,Analog Circuit Design manager
Rubina,Pibworth,rpibworth1q@cnbc.com,Female,Mydo,Batroûn,Biostatistician III
Drugi,Mullineux,dmullineux1r@fda.gov,Male,Viva,Asan Kumbang,Chief Design Engineer
Willa,Giggie,wgiggie1s@auda.org.au,Female,Abata,Imbang,Speech Pathologist
Markos,Britnell,mbritnell1t@nationalgeographic.com,Male,Dynava,Helong,Executive Secretary
Clarke,Cogger,ccogger1u@ebay.co.uk,Male,Realmix,Jubb Ramlah,Assistant Manager
Patricio,Presdie,ppresdie1v@hostgator.com,Male,Chatterbridge,Monte Agudo,VP Product Management
Morie,MacCarter,mmaccarter1w@businessweek.com,Male,Youspan,Velká Polom,Quality Engineer
Elwira,Daniel,edaniel1x@netlog.com,Female,Jetpulse,Sarbīsheh,VP Accounting
Caldwell,Johanssen,cjohanssen1y@princeton.edu,Male,Oyoba,Nantes,Business Systems Development Analyst
Jeri,Sollom,jsollom1z@mapy.cz,Female,Blogtags,Jönköping,Senior Financial Analyst
Eustacia,Sisson,esisson20@house.gov,Female,Skidoo,Xianju,VP Product Management
Egan,Kingett,ekingett21@ocn.ne.jp,Male,Zoomcast,Qingshandi,Senior Cost Accountant
Nancey,Davidwitz,ndavidwitz22@printfriendly.com,Female,Tagpad,Karibib,Marketing Assistant
Alvin,Cundey,acundey23@cnn.com,Male,Digitube,Fort Beaufort,Structural Engineer
Jaclyn,Kettlewell,jkettlewell24@yolasite.com,Female,LiveZ,Maikun,Occupational Therapist
Gran,Spragge,gspragge25@google.es,Male,Skinder,Kandava,Financial Advisor
Milly,Leyninye,mleyninye26@lulu.com,Female,Babblestorm,Kapan,Administrative Officer
Clayton,Rossetti,crossetti27@tuttocitta.it,Male,Browsecat,Mqabba,Database Administrator III
Nelly,Wiltshaw,nwiltshaw28@typepad.com,Female,Fanoodle,Daliyuan,Programmer Analyst II
Allene,Heenan,aheenan29@tuttocitta.it,Female,Jabberbean,Krajan Satu,Programmer Analyst III
Silva,Claasen,sclaasen2a@jimdo.com,Female,Dabfeed,Baiyang,Occupational Therapist
Ardine,Harbach,aharbach2b@latimes.com,Female,Jayo,Buđanovci,Account Representative I
Hali,Kennicott,hkennicott2c@cnet.com,Female,Cogilith,Seattle,Analog Circuit Design manager
Gavin,Lermouth,glermouth2d@narod.ru,Male,Devify,Butwāl,Occupational Therapist
Giralda,Prinnett,gprinnett2e@chronoengine.com,Female,Twitterwire,Magole,Electrical Engineer
Phylys,Mendez,pmendez2f@mapquest.com,Female,Thoughtstorm,Yanwan,Administrative Assistant III
Anya,Ceschini,aceschini2g@yahoo.co.jp,Female,Skynoodle,Candelaria,Financial Analyst
Thebault,Showt,tshowt2h@ning.com,Male,Meezzy,El Porvenir,Research Associate
Claire,Pereira,cpereira2i@cdc.gov,Male,Quimba,Basel,Senior Financial Analyst
Crosby,Beadnell,cbeadnell2j@w3.org,Male,Trunyx,Minyat an Naşr,Staff Scientist
Damian,Lavarack,dlavarack2k@dagondesign.com,Male,Gigazoom,Kut Chap,Business Systems Development Analyst
Regan,Leband,rleband2l@altervista.org,Male,Thoughtsphere,Jiabeiyan,Database Administrator III
Sax,Keech,skeech2m@samsung.com,Male,Yambee,Mbinga,Geologist I
Zared,Heintze,zheintze2n@auda.org.au,Male,Rooxo,Pulo,Nurse Practicioner
Pammy,Giovanizio,pgiovanizio2o@mac.com,Female,Vidoo,Ma‘dān,Tax Accountant
Jereme,Rizzardo,jrizzardo2p@aol.com,Male,Skyvu,Aral,Senior Sales Associate
Sabina,Elsip,selsip2q@list-manage.com,Female,Youspan,Liushutun,Environmental Specialist
Doy,Dalliwatr,ddalliwatr2r@freewebs.com,Male,Latz,Dusit,Accounting Assistant II
Weidar,Stratten,wstratten2s@whitehouse.gov,Male,Katz,Bungu,Web Designer IV
Hermann,McRitchie,hmcritchie2t@spiegel.de,Male,Meevee,Sapang Buho,Structural Analysis Engineer
Bone,Sleite,bsleite2u@is.gd,Male,Cogilith,Man,Registered Nurse
Marybelle,Yell,myell2v@sina.com.cn,Female,Feedmix,Novosibirsk,Engineer II
Alanson,Morigan,amorigan2w@joomla.org,Male,Jaxnation,Altkirch,Developer III
Bobby,Kingh,bkingh2x@microsoft.com,Male,Gabspot,Dordrecht,Financial Analyst
Robinetta,Fazakerley,rfazakerley2y@slideshare.net,Female,Youspan,Ishëm,Assistant Media Planner
Meredith,Duhig,mduhig2z@oaic.gov.au,Male,Tagchat,Donomulyo,Geological Engineer
Gracie,Faloon,gfaloon30@epa.gov,Female,Skinix,Podedwórze,Librarian
Emerson,Pineaux,epineaux31@ucoz.com,Male,Eabox,Liquica,Account Representative III
Blinnie,Maynell,bmaynell32@gnu.org,Female,Eidel,Cubará,Human Resources Manager
Ginelle,Mc Gaughey,gmcgaughey33@twitter.com,Female,Thoughtworks,Bočar,Sales Representative
Maddy,Cordero,mcordero34@globo.com,Male,Flipstorm,Guanyang,Marketing Assistant
Zea,Howieson,zhowieson35@usatoday.com,Female,Skinte,Xiji,Graphic Designer
Tannie,Esterbrook,testerbrook36@nature.com,Male,Eare,San Jose,Electrical Engineer
Katey,Stevenson,kstevenson37@washingtonpost.com,Female,Jayo,Ford,Senior Quality Engineer
Alfonse,Pollington,apollington38@businessweek.com,Male,Chatterbridge,Orlovo,Research Nurse
Kristina,Garnar,kgarnar39@123-reg.co.uk,Female,Zoonoodle,Chiquimulilla,Data Coordiator
Dino,Grandham,dgrandham3a@about.me,Male,Miboo,Blon’,Financial Advisor
Burgess,Harriskine,bharriskine3b@oakley.com,Male,Jazzy,San Isidro,Administrative Officer
Luz,Guiot,lguiot3c@barnesandnoble.com,Female,Zooveo,São Silvestre,Cost Accountant
Urson,Dax,udax3d@sohu.com,Male,Divanoodle,Al Jadīd,Nurse
Mendie,Lux,mlux3e@ameblo.jp,Male,JumpXS,Quma,Programmer Analyst II
Lidia,Chattington,lchattington3f@ftc.gov,Female,Wikido,Troitsk,Technical Writer
Gallagher,Castagneto,gcastagneto3g@clickbank.net,Male,Mydo,Saint-Lin-Laurentides,Senior Quality Engineer
Dion,Sleany,dsleany3h@blogspot.com,Male,Feednation,Xiaochi,Administrative Officer
Garey,Szanto,gszanto3i@slate.com,Male,Dynabox,Los Cóndores,Account Representative IV
Robin,Penton,rpenton3j@altervista.org,Male,Youspan,Guaporé,Developer IV
Walton,Vernall,wvernall3k@wix.com,Male,Rhynoodle,Xinbao,VP Product Management
Rickard,Heard,rheard3l@ihg.com,Male,Buzzshare,Panyam,Tax Accountant
Etienne,Tumioto,etumioto3m@wikia.com,Male,Flipopia,T’et’ri Tsqaro,Biostatistician I
Rodrigo,Cammidge,rcammidge3n@123-reg.co.uk,Male,Leexo,Al Funayţīs,Legal Assistant
Elvina,Rackam,erackam3o@dropbox.com,Female,Oba,Aeteke,Quality Control Specialist
Regan,Davydoch,rdavydoch3p@statcounter.com,Female,Avamba,Svitlovods’k,Accountant II
Debbie,Sinyard,dsinyard3q@amazon.co.uk,Female,Yombu,Ciguna,Human Resources Assistant II
Thaddeus,Battershall,tbattershall3r@who.int,Male,Centimia,Majagual,Recruiting Manager
Cherye,Allans,callans3s@amazon.co.uk,Female,Oozz,Mache,Automation Specialist III
Melinda,McAless,mmcaless3t@123-reg.co.uk,Female,Wikizz,Zasip,Junior Executive
Welbie,Hardway,whardway3u@ft.com,Male,Dynabox,Jining,Senior Financial Analyst
Esmeralda,Plaistowe,eplaistowe3v@baidu.com,Female,Thoughtblab,Haligue,Assistant Media Planner
Lacey,Moreinu,lmoreinu3w@themeforest.net,Female,Jaxspan,Klau,Environmental Tech
Kelcie,Logsdale,klogsdale3x@godaddy.com,Female,Meemm,Xingang,Paralegal
Lindsay,Bank,lbank3y@usda.gov,Male,Trilith,Chervone,Programmer II
Ursulina,Gwillim,ugwillim3z@posterous.com,Female,Brainbox,Pskov,Senior Editor
Lazaro,Vear,lvear40@eepurl.com,Male,Chatterbridge,Sundbyberg,Programmer Analyst III
Gael,Eskriet,geskriet41@cnet.com,Female,Tavu,Joinville,Accounting Assistant II
Saleem,Laslett,slaslett42@msn.com,Male,Blognation,Bonavista,Sales Associate
Luelle,Tzar,ltzar43@merriam-webster.com,Female,Leexo,Rognedino,Teacher
Kaiser,Fanthom,kfanthom44@nih.gov,Male,Twinder,Ning’an,Chemical Engineer
Hilton,Eccleshare,heccleshare45@answers.com,Male,Riffpedia,Qinghe,Speech Pathologist
Karlee,Edyson,kedyson46@tmall.com,Female,Divavu,Bretaña,Media Manager IV
Filberto,Jirick,fjirick47@symantec.com,Male,Aivee,Trollhättan,Statistician IV
Nerty,Amer,namer48@twitpic.com,Female,Fivespan,Grybów,Compensation Analyst
Marna,Mapother,mmapother49@yahoo.co.jp,Female,Wikibox,Zerok-Alakadari,Safety Technician IV
Ilyssa,Albutt,ialbutt4a@github.io,Female,Yacero,Sumbergebang,GIS Technical Architect
Mikkel,Laughlin,mlaughlin4b@t-online.de,Male,Devpoint,Namboongan,GIS Technical Architect
Denna,Murphy,dmurphy4c@oracle.com,Female,Jazzy,Rennes,Account Representative III
Alex,Hanwright,ahanwright4d@illinois.edu,Female,Bluezoom,Chinú,Business Systems Development Analyst
Albina,Ferier,aferier4e@tinyurl.com,Female,Feedspan,Xiazhai,Structural Analysis Engineer
Kari,Woolpert,kwoolpert4f@etsy.com,Female,Avamba,Szczawno-Zdrój,Safety Technician II
Van,Waplinton,vwaplinton4g@pbs.org,Male,Aimbu,Heimahe,Research Assistant I
Stewart,Lanchbery,slanchbery4h@google.com,Male,Zooveo,Semiluki,Software Engineer II
Salome,Carvell,scarvell4i@japanpost.jp,Female,Ailane,Xingdian,Accounting Assistant IV
Joly,Scaife,jscaife4j@toplist.cz,Female,Gabtype,Jiangjiazui,VP Sales
Brantley,Huckell,bhuckell4k@ft.com,Male,Quinu,Mira,Human Resources Assistant I
Dinnie,Semper,dsemper4l@purevolume.com,Female,Eayo,Laya,Legal Assistant
Frederic,Dirand,fdirand4m@huffingtonpost.com,Male,Skimia,Liuli,Food Chemist
Melicent,Brach,mbrach4n@thetimes.co.uk,Female,Miboo,Huangyang,Senior Editor
Blanca,Cuttin,bcuttin4o@google.co.uk,Female,Digitube,Sandaohezi,Legal Assistant
Siobhan,Fleis,sfleis4p@skype.com,Female,Oyoba,Kaseda-shirakame,VP Accounting
Lorry,Hugenin,lhugenin4q@flavors.me,Female,Brainverse,Qarāwat Banī Zayd,VP Product Management
Tildy,MacDunleavy,tmacdunleavy4r@myspace.com,Female,Avamm,Biga,Help Desk Operator
Koenraad,Ransley,kransley4s@gov.uk,Male,Twinder,Volodarsk,Senior Quality Engineer
Myles,Lemon,mlemon4t@vinaora.com,Male,Jabberstorm,Randuagung,Environmental Specialist
Derk,Fuentez,dfuentez4u@utexas.edu,Male,Aivee,Lashkar Gāh,Assistant Professor
Wylma,Tomkys,wtomkys4v@imdb.com,Female,Jayo,Ballylinan,Graphic Designer
Dehlia,Riley,driley4w@blinklist.com,Female,Cogidoo,La Mula,Recruiting Manager
Merci,Valentelli,mvalentelli4x@slideshare.net,Female,Tagfeed,San Pablo,Senior Developer
Craggie,Lemarie,clemarie4y@booking.com,Male,Oyoloo,Qiziltepa Shahri,Engineer IV
Christie,Donnan,cdonnan4z@google.es,Male,Gigashots,Rude,Senior Developer
Renate,Honnan,rhonnan50@phpbb.com,Female,Leexo,Neskaupstaður,Occupational Therapist
Emalee,Bickerdicke,ebickerdicke51@myspace.com,Female,Oyope,Lebyazh’ye,Environmental Specialist
Rochelle,Bogue,rbogue52@apache.org,Female,Jabbersphere,Chengxi,Operator
Gavin,Carbert,gcarbert53@angelfire.com,Male,Wordpedia,Berëzovyy,Chief Design Engineer
Gillie,Waszkiewicz,gwaszkiewicz54@ftc.gov,Female,Zoomlounge,Daying,Help Desk Operator
Haywood,Garrish,hgarrish55@nih.gov,Male,Aibox,Tominian,Quality Control Specialist
Thornton,Hasson,thasson56@ted.com,Male,Feedspan,Nancheng,Librarian
Jolee,Scamwell,jscamwell57@soup.io,Female,Yoveo,Guangyuan,VP Quality Control
Berti,Pollendine,bpollendine58@forbes.com,Female,Gabcube,Tbilisskaya,Engineer IV
Ambrosius,MacDonald,amacdonald59@instagram.com,Male,Photospace,São Bartolomeu,Product Engineer
Valdemar,Shoulders,vshoulders5a@twitter.com,Male,Babbleblab,Kaeng Khro,VP Marketing
Marabel,Carlett,mcarlett5b@cnet.com,Female,Babbleopia,Devitsa,Software Engineer I
Rosco,Spavon,rspavon5c@dagondesign.com,Male,Jazzy,Opechenskiy Posad,GIS Technical Architect
Othilie,Segrave,osegrave5d@wordpress.com,Female,Voolith,Cimongkor,Automation Specialist IV
Mord,Fragino,mfragino5e@mozilla.org,Male,Tagfeed,Xiongshan,Financial Advisor
Kermie,Wenderott,kwenderott5f@chronoengine.com,Male,Youopia,Sedatigede,Systems Administrator IV
Debora,Eldershaw,deldershaw5g@wikimedia.org,Female,Quimba,New Orleans,Product Engineer
Ingra,Cottrell,icottrell5h@github.io,Male,Devpulse,Porto Real,Civil Engineer
Claretta,Larner,clarner5i@phpbb.com,Female,Yoveo,Caobi,Programmer Analyst IV
Ferdy,Finnemore,ffinnemore5j@skyrock.com,Male,Wikido,Las Sabanas,Quality Engineer
Danit,Gladwish,dgladwish5k@earthlink.net,Female,Centidel,Srubec,Chemical Engineer
Clareta,Jandl,cjandl5l@amazon.co.jp,Female,Dablist,Mandala,Payment Adjustment Coordinator
Nonah,Hauger,nhauger5m@hhs.gov,Female,Quinu,Hayange,Professor
Wolfgang,Oxby,woxby5n@yahoo.com,Male,Zooveo,Corral de Bustos,Senior Quality Engineer
Inness,Studman,istudman5o@about.com,Male,Devpoint,Al Fukhkhārī,Dental Hygienist
Graehme,Gencke,ggencke5p@usgs.gov,Male,Lazzy,Soure,Registered Nurse
Georgie,Donnel,gdonnel5q@blogs.com,Female,Mymm,Río Pico,Account Representative II
Meredeth,Skullet,mskullet5r@auda.org.au,Male,Mita,Heihe,Compensation Analyst
Mariette,Davidofski,mdavidofski5s@tmall.com,Female,Buzzster,Nueva Vida Sur,Sales Representative
Gauthier,Bucknall,gbucknall5t@reference.com,Male,Tagtune,San Alberto,Sales Representative
Phillida,Brikner,pbrikner5u@nifty.com,Female,Kamba,Sishui,Desktop Support Technician
Heindrick,Bonds,hbonds5v@free.fr,Male,Roodel,Bolyarovo,Food Chemist
Cherri,Snowding,csnowding5w@quantcast.com,Female,Edgetag,Bongor,Paralegal
Ken,Pitts,kpitts5x@cpanel.net,Male,Devpoint,Luntas,Automation Specialist IV
Wat,Prestidge,wprestidge5y@last.fm,Male,Skidoo,Göteborg,Account Executive
Ezequiel,Renfree,erenfree5z@geocities.com,Male,Skinder,Vilnius,Recruiting Manager
Cirilo,Eloy,celoy60@cyberchimps.com,Male,Omba,Metsamor,Statistician II
Estelle,Georgiev,egeorgiev61@ihg.com,Female,Flashpoint,Bolyarovo,Assistant Media Planner
Cyrillus,Paula,cpaula62@sina.com.cn,Male,Jamia,Baroy,Programmer IV
Bettine,Mouse,bmouse63@bbb.org,Female,Meemm,Alīpur,Developer III
Barbara,Clendinning,bclendinning64@wordpress.org,Female,Meeveo,Trâu Quỳ,Analyst Programmer
Thekla,Goodwell,tgoodwell65@un.org,Female,Eayo,Independencia,Sales Associate
Wendie,Penrose,wpenrose66@symantec.com,Female,Innojam,Semiletka,Teacher
Bastian,Crow,bcrow67@macromedia.com,Male,Brainverse,Yushanpu,Administrative Officer
Dre,Fowell,dfowell68@indiatimes.com,Female,Brainbox,Leuwipicung,Editor
Tito,Dahlbom,tdahlbom69@furl.net,Male,Janyx,Agboville,VP Quality Control
Katrine,Penk,kpenk6a@mapy.cz,Female,Youfeed,Chernyakhovsk,Civil Engineer
Bonny,Illing,billing6b@qq.com,Female,Zoombox,Huafeng,Account Representative III
Zelma,Phinn,zphinn6c@weibo.com,Female,Shuffletag,Kangping,Food Chemist
Michele,Kaine,mkaine6d@discuz.net,Male,Linkbridge,Liangdang Chengguanzhen,Staff Scientist
Ashlee,Cammocke,acammocke6e@jiathis.com,Female,Zoovu,Laleng,Desktop Support Technician
Lenna,Filippozzi,lfilippozzi6f@so-net.ne.jp,Female,Skinder,Grudë-Fushë,Research Assistant II
Sayre,Sissland,ssissland6g@godaddy.com,Female,Brainverse,Shchukino,Quality Engineer
Doris,Bog,dbog6h@intel.com,Female,Rhynoodle,Longmen,Marketing Assistant
Egor,Winckles,ewinckles6i@hatena.ne.jp,Male,Camimbo,Kobyzhcha,Research Associate
Trenton,Wemyss,twemyss6j@wufoo.com,Male,Browsecat,Nuyno,GIS Technical Architect
Roma,Yardy,ryardy6k@ucsd.edu,Male,Chatterpoint,Rosaspata,Human Resources Assistant IV
Yancey,Ditchett,yditchett6l@jugem.jp,Male,DabZ,Campos Belos,Research Assistant III
Delores,Menier,dmenier6m@bbc.co.uk,Female,Dynazzy,Volokolamsk,Automation Specialist IV
Selestina,Boshers,sboshers6n@reddit.com,Female,Twitterwire,Västanfjärd,Tax Accountant
Delinda,Rizzardo,drizzardo6o@washington.edu,Female,Kanoodle,Uto,Environmental Specialist
Frasier,O'Brien,fobrien6p@topsy.com,Male,Topdrive,Echeng,Developer I
Ardyce,Phillpot,aphillpot6q@wikispaces.com,Female,Thoughtstorm,Batumi,Office Assistant III
Berky,Ghioni,bghioni6r@dion.ne.jp,Male,Flashset,Kuantan,Programmer Analyst II
Toinette,Edgecombe,tedgecombe6s@digg.com,Female,Yotz,Kuala Belait,Editor
Christy,Tratton,ctratton6t@csmonitor.com,Female,Pixope,Livramento,Nurse Practicioner
Betta,Whyler,bwhyler6u@deviantart.com,Female,Kazu,Sapadun,Software Consultant
Julie,Russam,jrussam6v@ow.ly,Male,Einti,Pulau Pinang,Technical Writer
Rachelle,Arnopp,rarnopp6w@amazonaws.com,Female,Mydeo,Novyy Oskol,Occupational Therapist
Keith,Bosman,kbosman6x@techcrunch.com,Male,Blognation,Spartanburg,Systems Administrator I
Adria,Domanek,adomanek6y@opensource.org,Female,Talane,Conception Bay South,Sales Representative
Bessie,Mansbridge,bmansbridge6z@csmonitor.com,Female,Zoomdog,Housuo,Environmental Tech
Neville,Klink,nklink70@nifty.com,Male,Mydo,Volot,Software Test Engineer IV
Cesar,Compford,ccompford71@yale.edu,Male,Zoomzone,Az Zāhir,Quality Engineer
Wallie,Leek,wleek72@uol.com.br,Male,Realfire,Göteborg,Information Systems Manager
Mommy,Challens,mchallens73@earthlink.net,Female,Oodoo,Klagen,Staff Scientist
Jessalin,Kroon,jkroon74@issuu.com,Female,Edgewire,Casal de São João,Nurse
Chiquia,Maldin,cmaldin75@un.org,Female,Kazio,Monsanto,Software Test Engineer I
Dallis,Blundin,dblundin76@joomla.org,Male,Thoughtbeat,Annacotty,Desktop Support Technician
Germain,Kleynen,gkleynen77@google.ru,Male,Ozu,Hatavch,Compensation Analyst
Isadora,Sapseed,isapseed78@tripod.com,Female,Oyoloo,Sumberdangdang,Senior Financial Analyst
Rivkah,Beetlestone,rbeetlestone79@tumblr.com,Female,Quimba,Orivesi,Pharmacist
Brandy,Crissil,bcrissil7a@weibo.com,Female,Tazz,Kajiki,Web Developer III
Meyer,Hissett,mhissett7b@unesco.org,Male,Rhycero,Vendargues,Help Desk Operator
Sibley,Bouttell,sbouttell7c@prweb.com,Female,Voomm,Ciudad Cortés,Social Worker
Agnella,Feacham,afeacham7d@wiley.com,Female,Brainlounge,Zabrat,Associate Professor
Emmanuel,Sheilds,esheilds7e@businessinsider.com,Male,Bubblebox,Imrīsh,Research Assistant I
Anneliese,Bursnoll,abursnoll7f@xinhuanet.com,Female,Ntags,Looc,Sales Associate
Ebonee,Gorner,egorner7g@cocolog-nifty.com,Female,Jayo,Gorna Oryakhovitsa,Analog Circuit Design manager
Ashby,Cansdell,acansdell7h@businessweek.com,Male,Wordpedia,Cangkringan,Sales Associate
Hadleigh,Vogeler,hvogeler7i@technorati.com,Male,Fivebridge,Prudentópolis,Staff Accountant IV
Pattin,Leighfield,pleighfield7j@meetup.com,Male,Gabspot,Saint Petersburg,Systems Administrator II
Dilan,Lukehurst,dlukehurst7k@fc2.com,Male,Wordpedia,Sines,Programmer III
Sharity,Letertre,sletertre7l@craigslist.org,Female,Kwilith,Karangpeton,Payment Adjustment Coordinator
Josias,Heustice,jheustice7m@creativecommons.org,Male,Kayveo,Tulle,Speech Pathologist
Noland,Reeveley,nreeveley7n@qq.com,Male,Meezzy,Sampaloc,Electrical Engineer
Erminie,Lomb,elomb7o@hc360.com,Female,Skiptube,Ruixi,Payment Adjustment Coordinator
Griffie,Shobrook,gshobrook7p@list-manage.com,Male,Katz,Petrolia,Director of Sales
Kerri,Antram,kantram7q@dot.gov,Female,Oyoyo,Sena Madureira,Research Associate
Lynnett,Iacovaccio,liacovaccio7r@latimes.com,Female,Edgewire,Stockholm,Financial Advisor
Maje,Duval,mduval7s@goo.gl,Male,Flashdog,Zhangjiafan,Librarian
Simonne,Kernar,skernar7t@guardian.co.uk,Female,Skiptube,Murcia,Community Outreach Specialist
Keith,Doige,kdoige7u@chicagotribune.com,Male,Viva,Ngurore,Health Coach III
Stanford,Regelous,sregelous7v@admin.ch,Male,Tagopia,Perivóli,Structural Engineer
Rogerio,Mintrim,rmintrim7w@linkedin.com,Male,Thoughtbeat,Cikandang,Web Developer IV
Gael,Petteford,gpetteford7x@webeden.co.uk,Male,Dabshots,Saint-Amand-les-Eaux,Associate Professor
Clyde,Winkless,cwinkless7y@blinklist.com,Male,Rhycero,Liên Chiểu,Developer IV
Sheffy,Hyndley,shyndley7z@studiopress.com,Male,LiveZ,Majāz al Bāb,Administrative Assistant III
Jessalin,Ralfe,jralfe80@digg.com,Female,Snaptags,Solidaridad,Speech Pathologist
Davine,Manderson,dmanderson81@phoca.cz,Female,Mymm,Antonio Toledo Corro,Editor
Anet,Gotobed,agotobed82@unc.edu,Female,Voomm,Independencia,Nurse Practicioner
Sher,Gozzard,sgozzard83@1und1.de,Female,Topicblab,Krujë,Senior Developer
Pavia,Threadkell,pthreadkell84@craigslist.org,Female,Pixonyx,Qijia,Senior Quality Engineer
Sumner,Croydon,scroydon85@yolasite.com,Male,Photofeed,Yinping,Recruiting Manager
Gilberto,Regi,gregi86@sphinn.com,Male,Fivechat,Sujitan,Financial Advisor
Iago,Rummery,irummery87@ehow.com,Male,Tagtune,Hitura,Physical Therapy Assistant
Allyson,Crawley,acrawley88@diigo.com,Female,Oyondu,Bozhou,Electrical Engineer
Keefe,Wemyss,kwemyss89@live.com,Male,Plambee,Fushë-Bulqizë,Nurse Practicioner
Dody,Armstrong,darmstrong8a@miitbeian.gov.cn,Female,BlogXS,Pétange,Technical Writer
Brianne,Goldstone,bgoldstone8b@irs.gov,Female,Bubbletube,Puerto Cisnes,Health Coach II
Traci,Tremain,ttremain8c@simplemachines.org,Female,Wikido,Yelizavetinskaya,Biostatistician III
Rowney,Abeles,rabeles8d@smugmug.com,Male,Meezzy,Vereshchagino,GIS Technical Architect
Odella,Walthew,owalthew8e@bandcamp.com,Female,Tagfeed,Kamo,Desktop Support Technician
Nessa,Hasloch,nhasloch8f@devhub.com,Female,Oodoo,Mliwang,Marketing Assistant
Bobinette,Dudenie,bdudenie8g@google.ru,Female,Zoombeat,Vamvakoú,Account Executive
Mercy,Wrightham,mwrightham8h@slate.com,Female,Skajo,Bromölla,Geologist II
Floris,Pryell,fpryell8i@topsy.com,Female,Quaxo,Barrhead,Account Representative III
Page,Clubley,pclubley8j@edublogs.org,Male,Riffpedia,Wentugaole,Safety Technician IV
Egan,Hart,ehart8k@liveinternet.ru,Male,Zoonder,Göteborg,Senior Developer
Halimeda,Tickel,htickel8l@apache.org,Female,Twitterbeat,Bunobogu,VP Accounting
Der,Beisley,dbeisley8m@wunderground.com,Male,Layo,Xingzi,Administrative Officer
Inna,Hatzar,ihatzar8n@google.com.au,Female,Thoughtstorm,Narsingdi,Legal Assistant
Nevins,Abbis,nabbis8o@csmonitor.com,Male,Meedoo,Tampere,VP Product Management
Nial,Rickford,nrickford8p@ebay.co.uk,Male,Twitterwire,Santa Rita do Sapucaí,Nurse Practicioner
Yale,De Bischop,ydebischop8q@theglobeandmail.com,Male,Tagchat,Cungkal,Structural Analysis Engineer
Salomo,Crenshaw,screnshaw8r@redcross.org,Male,Yakijo,Yucun,Director of Sales
Jacinda,Dufaur,jdufaur8s@fc2.com,Female,Quaxo,Coutada,Web Developer III
Keven,Dominico,kdominico8t@uol.com.br,Male,Thoughtstorm,Zumarraga,Junior Executive
Kenneth,Caldeiro,kcaldeiro8u@topsy.com,Male,Pixoboo,Budapest,Information Systems Manager
Aldus,Baroch,abaroch8v@blogspot.com,Male,Yamia,Nusajaya,Research Associate
Annabela,Romero,aromero8w@scribd.com,Female,Brightbean,Mörrum,Junior Executive
Lorelei,Bowater,lbowater8x@stanford.edu,Female,Buzzshare,Lincheng,Structural Analysis Engineer
Emmett,Earthfield,eearthfield8y@unblog.fr,Male,Quatz,Fengshuling,Nurse
Kennett,Trencher,ktrencher8z@cbslocal.com,Male,Kazu,Młynary,Executive Secretary
Darius,Watsham,dwatsham90@flavors.me,Male,Flipopia,Strawczyn,Assistant Manager
Carmelia,Sellek,csellek91@un.org,Female,Fivebridge,Parista,Senior Quality Engineer
Vicki,Erasmus,verasmus92@ustream.tv,Female,Twimbo,Malaya Dubna,Sales Associate
Inness,Adamowitz,iadamowitz93@psu.edu,Male,Twitterbeat,Araras,Marketing Manager
Godfrey,Pachta,gpachta94@123-reg.co.uk,Male,Roombo,Skopje,Automation Specialist III
Ford,Greensitt,fgreensitt95@bloglovin.com,Male,Gabspot,Kyjov,Account Representative I
Pearce,Beecker,pbeecker96@psu.edu,Male,Voonder,Ghazni,Software Consultant
Daven,Balbeck,dbalbeck97@salon.com,Male,Plajo,Đắk Song,Software Test Engineer I
Dolly,Duiged,dduiged98@dropbox.com,Female,Topicshots,Valbonë,Recruiter
Marje,Barns,mbarns99@washingtonpost.com,Female,Abatz,Novi Zagreb,Speech Pathologist
Barnard,McKeady,bmckeady9a@booking.com,Male,Skivee,Västerås,Graphic Designer
Rickert,Carhart,rcarhart9b@sohu.com,Male,Yotz,Krasnyy Oktyabr’,Staff Scientist
Fraser,Everil,feveril9c@cyberchimps.com,Male,Skynoodle,San Vicente,Mechanical Systems Engineer
Baron,Andrez,bandrez9d@baidu.com,Male,Linktype,Xagqu,Staff Accountant I
Bruno,Cicconettii,bcicconettii9e@123-reg.co.uk,Male,Meevee,Huangma,Civil Engineer
Sandro,Cartin,scartin9f@github.io,Male,Dabvine,San Jose,VP Product Management
Lizzy,Pennell,lpennell9g@ycombinator.com,Female,Tagchat,Dongyu,Teacher
Colver,Rouf,crouf9h@ustream.tv,Male,Chatterpoint,Kuhmoinen,Financial Analyst
Alexandre,Bessell,abessell9i@tumblr.com,Male,Rooxo,Xiyang,VP Quality Control
Hesther,Castellanos,hcastellanos9j@loc.gov,Female,Vinte,Youchou,Clinical Specialist
Georgena,Stebbin,gstebbin9k@cpanel.net,Female,Voomm,Kutao,Director of Sales
Moyra,Ekkel,mekkel9l@sciencedirect.com,Female,Reallinks,Shijak,Accountant II
Helaina,Dani,hdani9m@china.com.cn,Female,Divape,Dembeni,Recruiter
Adelle,Daouse,adaouse9n@elpais.com,Female,Gevee,Palma De Mallorca,Food Chemist
Starlin,Gurys,sgurys9o@altervista.org,Female,Aimbo,Ambatofinandrahana,Dental Hygienist
May,Oakwood,moakwood9p@bandcamp.com,Female,Blognation,Canto,Project Manager
Reine,Lampel,rlampel9q@i2i.jp,Female,Voomm,Songlong,Account Coordinator
Killie,Eric,keric9r@ow.ly,Male,Rhynoodle,San Francisco,Web Designer II
Pattie,Pawelski,ppawelski9s@w3.org,Male,Gabtune,Hilversum,Occupational Therapist
Vin,Allitt,vallitt9t@ocn.ne.jp,Female,Skivee,Orlando,Editor
Sonnnie,Astles,sastles9u@nhs.uk,Female,Jayo,Sadek,Programmer I
Vinson,Caiger,vcaiger9v@com.com,Male,Thoughtworks,Kalwaria Zebrzydowska,Legal Assistant
Virginie,Heis,vheis9w@tuttocitta.it,Female,Tagpad,Jinsha,Human Resources Assistant IV
Bryn,Lebourn,blebourn9x@e-recht24.de,Male,Fatz,Moshenskoye,VP Product Management
Nettle,Volk,nvolk9y@flickr.com,Female,Centidel,Sumberrojokrajan,Design Engineer
Morena,Ellcome,mellcome9z@angelfire.com,Female,Yodel,Baisha,Actuary
Rhea,Crocetto,rcrocettoa0@godaddy.com,Female,Nlounge,Bertioga,Occupational Therapist
Cary,Sebire,csebirea1@cnet.com,Male,Babbleopia,Krajan,Structural Engineer
Valencia,Spilsbury,vspilsburya2@moonfruit.com,Female,Tazzy,Nantes,Safety Technician I
Cristian,Giovannini,cgiovanninia3@earthlink.net,Male,Riffpedia,Casal,Nurse Practicioner
Fianna,Taffurelli,ftaffurellia4@1und1.de,Female,Innotype,Río Sereno,Marketing Assistant
Dewey,Heisman,dheismana5@typepad.com,Male,Feedspan,Dadu,Compensation Analyst
Desiree,Destouche,ddestouchea6@mozilla.com,Female,Pixoboo,Falun,Automation Specialist II
Powell,Ackhurst,packhursta7@squarespace.com,Male,Podcat,Hele,Health Coach III
Nomi,Mattheeuw,nmattheeuwa8@soup.io,Female,Dynabox,Sawahrandu,Operator
Kurtis,Forsyth,kforsytha9@friendfeed.com,Male,Twitterbeat,Marseille,Geologist IV
Rakel,Masser,rmasseraa@skype.com,Female,Skyble,Dacun,Account Representative I
Pyotr,Hefforde,pheffordeab@skyrock.com,Male,Jaloo,Tumbes,Account Representative III
Scotty,Heighton,sheightonac@alibaba.com,Male,Photobug,Aurora,Analog Circuit Design manager
Rhetta,Van den Oord,rvandenoordad@sitemeter.com,Female,Mita,Greensboro,VP Accounting
Dahlia,O'Rowane,dorowaneae@liveinternet.ru,Female,Realpoint,Bezons,Financial Advisor
Elsa,Fishpoole,efishpooleaf@instagram.com,Female,Devshare,Skärholmen,Sales Associate
Nessie,Camies,ncamiesag@miitbeian.gov.cn,Female,Demizz,Vista Hermosa,Account Coordinator
Wendye,Cud,wcudah@yellowpages.com,Female,Brightbean,Hannover,Dental Hygienist
Melodee,Phipps,mphippsai@discovery.com,Female,Kaymbo,Vigo,Geological Engineer
Frazier,Trenbay,ftrenbayaj@altervista.org,Male,Demivee,Hudiksvall,Administrative Assistant I
Dorothee,Headey,dheadeyak@a8.net,Female,Thoughtbeat,Macinhata da Seixa,Editor
Bernadene,Grogan,bgroganal@photobucket.com,Female,Eabox,Yufrus,Nurse
Zonda,Roskams,zroskamsam@ocn.ne.jp,Female,Yombu,Bancar,Design Engineer
Andreana,Trayling,atraylingan@twitpic.com,Female,Blogtag,Valença,Graphic Designer
Carlita,Nangle,cnangleao@discovery.com,Female,Devpoint,Huangxi,GIS Technical Architect
Bertrand,Camerati,bcameratiap@dyndns.org,Male,Flashset,Melrose,Nuclear Power Engineer
Rasla,Tardiff,rtardiffaq@redcross.org,Female,Meedoo,Junglinster,Operator
Annmaria,Lalevee,alaleveear@marriott.com,Female,Skidoo,Studená,Environmental Tech
Ammamaria,Glinde,aglindeas@360.cn,Female,Zoombox,Amboise,Dental Hygienist
Sylvan,Aspinall,saspinallat@cnet.com,Male,Zooxo,Brovary,Research Nurse
Sharai,Baldung,sbaldungau@huffingtonpost.com,Female,Twitterworks,Canchaque,Graphic Designer
Gratiana,Redwood,gredwoodav@china.com.cn,Female,Bluezoom,Qingshui,Programmer Analyst II
Simonette,Denney,sdenneyaw@webmd.com,Female,Gabspot,Cầu Giát,Internal Auditor
Beale,Hinstock,bhinstockax@home.pl,Male,Linkbridge,Kopidlno,Chief Design Engineer
Courtney,Magnay,cmagnayay@microsoft.com,Male,Meejo,Cingambul,Marketing Manager
Caryl,Regglar,cregglaraz@ning.com,Female,Tazzy,Oranzherei,VP Quality Control
Elita,Scothern,escothernb0@google.ru,Female,Tagchat,Bielefeld,Librarian
Willey,Bradane,wbradaneb1@histats.com,Male,Pixoboo,Boli,Research Associate
Alana,Penhalurick,apenhalurickb2@ovh.net,Female,Skinix,Ronggo,Accounting Assistant II
Tobiah,Gummoe,tgummoeb3@xing.com,Male,Eazzy,Kochevo,Engineer I
Urbano,MacKartan,umackartanb4@freewebs.com,Male,Oyoba,San Carlos,Food Chemist
Thacher,MacCarroll,tmaccarrollb5@odnoklassniki.ru,Male,Izio,Belén,Statistician I
Georgi,Brunnstein,gbrunnsteinb6@wix.com,Male,Abata,Pau,Librarian
Yoko,Puckring,ypuckringb7@techcrunch.com,Female,Dabfeed,Nuquí,Business Systems Development Analyst
Forbes,Oels,foelsb8@plala.or.jp,Male,Demimbu,Länsi-Turunmaa,Clinical Specialist
Patrizius,Speaks,pspeaksb9@dell.com,Male,Camido,Burgaltay,Junior Executive
Eldredge,Sherborn,esherbornba@instagram.com,Male,Blogpad,Pilníkov,Software Engineer IV
Courtenay,Janoschek,cjanoschekbb@cyberchimps.com,Female,Roombo,Lidun,Librarian
Rhody,Arnoud,rarnoudbc@about.com,Female,Innojam,Alimono,GIS Technical Architect
Saundra,Hurlston,shurlstonbd@instagram.com,Male,Buzzbean,Všemina,Business Systems Development Analyst
Elisha,Sehorsch,esehorschbe@mashable.com,Male,Dabfeed,Proboštov,Structural Engineer
Robby,Witherbed,rwitherbedbf@amazon.com,Male,Lajo,Seabra,Assistant Media Planner
Hanna,Heugle,hheuglebg@cdc.gov,Female,Babbleopia,Beiyang,Social Worker
Bartram,Pratt,bprattbh@cornell.edu,Male,Mynte,Jembe Timur,Desktop Support Technician
Tracee,Malthouse,tmalthousebi@icq.com,Female,Yadel,Smederevska Palanka,Recruiter
Gerianna,Faircliffe,gfaircliffebj@vk.com,Female,Dabvine,Gufeng,Dental Hygienist
Trina,Quesne,tquesnebk@alexa.com,Female,Oyondu,Gaotan,Automation Specialist II
Anni,Olivi,aolivibl@auda.org.au,Female,Vitz,Singkup,Office Assistant III
Guinevere,Abramski,gabramskibm@tinypic.com,Female,Dynabox,Kāmyārān,Financial Analyst
Jerald,Kingswood,jkingswoodbn@t-online.de,Male,Eidel,Lugang,Marketing Assistant
Sheffie,Easen,seasenbo@spiegel.de,Male,Feedmix,Bungursari,Account Coordinator
Delbert,Jurewicz,djurewiczbp@jigsy.com,Male,Yacero,Luotuo,Research Associate
Lizbeth,Hollyland,lhollylandbq@disqus.com,Female,InnoZ,Santa Cruz de Yojoa,Geologist II
Sena,Skase,sskasebr@quantcast.com,Female,Layo,San Mateo,VP Quality Control
Gaspard,Stoltz,gstoltzbs@timesonline.co.uk,Male,Fiveclub,Gayam,Account Executive
Dre,Lindback,dlindbackbt@china.com.cn,Female,Jaloo,Majan,Administrative Assistant IV
Annmaria,Rait,araitbu@stumbleupon.com,Female,Leexo,Machetá,Human Resources Manager
Billie,Draper,bdraperbv@mayoclinic.com,Female,Rooxo,Santa Rita do Passa Quatro,Senior Financial Analyst
Brad,Hamblett,bhamblettbw@arstechnica.com,Male,Edgeblab,Concepción,Teacher
Sabina,Grissett,sgrissettbx@eepurl.com,Female,Quinu,Khosta,Assistant Professor
Phillie,Mitchelhill,pmitchelhillby@spotify.com,Female,Twinte,Tebon,Assistant Media Planner
Blaine,Bowler,bbowlerbz@huffingtonpost.com,Male,Meedoo,Zhaotong,Sales Representative
Wash,Upton,wuptonc0@fema.gov,Male,Oyoyo,Henglin,Budget/Accounting Analyst I
Ryun,Ewdale,rewdalec1@xrea.com,Male,Kazio,Obikiik,Clinical Specialist
Paolina,Shallow,pshallowc2@virginia.edu,Female,Roodel,Zangbi,Graphic Designer
Greg,Kerswill,gkerswillc3@intel.com,Male,Flipstorm,Vale da Serra,Account Representative IV
Herc,Unsworth,hunsworthc4@ft.com,Male,Tagtune,Kobleve,Software Test Engineer III
Deirdre,Giabucci,dgiabuccic5@techcrunch.com,Female,Wikizz,Shamkhor,Professor
Raoul,Otridge,rotridgec6@etsy.com,Male,Livetube,Halle,Quality Engineer
Kelli,Paoloni,kpaolonic7@discovery.com,Female,Buzzster,Évreux,Account Executive
Hazel,Knyvett,hknyvettc8@is.gd,Female,Avamm,Batibati,Analyst Programmer
Vinny,Hazeldean,vhazeldeanc9@chron.com,Male,Rooxo,San Miguel,Geologist IV
Madge,Stalf,mstalfca@webnode.com,Female,Tekfly,Sunan,Nuclear Power Engineer
Carlos,Wadforth,cwadforthcb@nationalgeographic.com,Male,Centidel,Gusang,Administrative Assistant III
Bartholomeo,Mathou,bmathoucc@rediff.com,Male,Eidel,Paclolo,Associate Professor
Corilla,Massard,cmassardcd@npr.org,Female,Twitternation,Shashi,Graphic Designer
Ikey,Cavie,icaviece@hexun.com,Male,Bubbletube,Azteca,VP Quality Control
Gaston,Kingsland,gkingslandcf@wp.com,Male,Aibox,Silvares,Staff Accountant I
Guenevere,McLarnon,gmclarnoncg@mediafire.com,Female,Skinte,Kivsharivka,Automation Specialist I
Roger,Killwick,rkillwickch@de.vu,Male,Realcube,Bakadagy,Environmental Specialist
Rollins,Giacobillo,rgiacobilloci@cbsnews.com,Male,Kimia,Sukorejo,Tax Accountant
Alonzo,McLinden,amclindencj@google.cn,Male,Twimm,Castres,Marketing Assistant
Leona,Abbey,labbeyck@yolasite.com,Female,Skynoodle,Chisht-e Sharīf,Cost Accountant
Paquito,Turrill,pturrillcl@de.vu,Male,Oyope,Oyonnax,Teacher
Marley,Fieldsend,mfieldsendcm@behance.net,Female,Digitube,Lubrza,Project Manager
Hewet,Arne,harnecn@latimes.com,Male,Edgepulse,Norberg,Budget/Accounting Analyst I
Ignaz,Pourvoieur,ipourvoieurco@quantcast.com,Male,Npath,Darungan,Dental Hygienist
Adey,Feaks,afeakscp@topsy.com,Female,Quaxo,Mojorembun,Electrical Engineer
Onofredo,Bartolozzi,obartolozzicq@tripadvisor.com,Male,Dazzlesphere,Zamboanga,Environmental Tech
Stacy,Argont,sargontcr@wp.com,Male,Wikibox,Bukid,Editor
Cash,Heathfield,cheathfieldcs@weather.com,Male,Yacero,Lazaro Cardenas,Civil Engineer
Dorella,Blasi,dblasict@examiner.com,Female,Blogtag,Liugou,Senior Developer
Alvina,Threadkell,athreadkellcu@amazon.co.jp,Female,Dabfeed,Mutum Biyu,Professor
Roxanne,Guard,rguardcv@sciencedirect.com,Female,Tagtune,Severnyy,Geologist I
Rosalia,Dykas,rdykascw@scribd.com,Female,Dablist,Paraíso de Chabasquén,Legal Assistant
Marlee,Franklin,mfranklincx@last.fm,Female,Trilith,Lafiagi,Graphic Designer
Cassius,Mille,cmillecy@stumbleupon.com,Male,Roombo,Bogoroditsk,GIS Technical Architect
Ahmad,Stillmann,astillmanncz@bizjournals.com,Male,Bluezoom,Nagornyy,VP Sales
Tootsie,MacFie,tmacfied0@canalblog.com,Female,Innojam,Flin Flon,Account Representative I
Ogden,Bleything,obleythingd1@youtube.com,Male,Yakidoo,Maoping,Research Associate
Monty,Drinkwater,mdrinkwaterd2@umn.edu,Male,Thoughtstorm,Hanyuan,Developer I
Sylvester,Desporte,sdesported3@issuu.com,Male,Mydo,Wutongkou,Information Systems Manager
Tova,Morstatt,tmorstattd4@oracle.com,Female,Topiclounge,Muravlenko,Help Desk Technician
Emmett,Handman,ehandmand5@businessinsider.com,Male,Abata,Oldřišov,Geologist I
June,Westby,jwestbyd6@state.tx.us,Female,Innotype,Cuito,Operator
Wandis,McSperron,wmcsperrond7@nhs.uk,Female,Realmix,Luče,Social Worker
Sandi,Hunday,shundayd8@census.gov,Female,Kaymbo,Dabao,Geological Engineer
Ealasaid,Mattiacci,emattiaccid9@facebook.com,Female,Gigazoom,Shatou,VP Accounting
Caro,Samples,csamplesda@a8.net,Female,Brightdog,Oetua,VP Marketing
Ranice,Rigden,rrigdendb@intel.com,Female,Jayo,Sixi,Engineer III
Jobi,Ernshaw,jernshawdc@youtu.be,Female,Aibox,Liuheng,Internal Auditor
Nicolai,Dalliwater,ndalliwaterdd@zdnet.com,Male,Flipopia,Nanyue,Marketing Manager
Corilla,Sapauton,csapautonde@canalblog.com,Female,Voonix,Makati City,Staff Accountant I
Faina,Synke,fsynkedf@over-blog.com,Female,Aivee,Fuli,Assistant Professor
Dunstan,Carlton,dcarltondg@dailymail.co.uk,Male,Fivespan,Hällefors,Systems Administrator II
Cyrus,Stenton,cstentondh@gravatar.com,Male,Jaloo,Växjö,Senior Developer
Timmie,Iorizzo,tiorizzodi@techcrunch.com,Male,Livefish,Yuscarán,Actuary
Araldo,Harpham,aharphamdj@forbes.com,Male,Bubbletube,Tegina,Assistant Professor
Odella,Hynard,ohynarddk@harvard.edu,Female,Realblab,Teupasenti,Registered Nurse
Garnette,Jonson,gjonsondl@alexa.com,Female,Tambee,Lueng Putu,Web Designer IV
Clayton,Streeting,cstreetingdm@skype.com,Male,Trudoo,Yushang,VP Product Management
Hube,Sugars,hsugarsdn@fastcompany.com,Male,Twitterbeat,Talakag,Software Consultant
Robinson,Jancik,rjancikdo@discovery.com,Male,Yoveo,Bagu,Quality Control Specialist
Avrom,Kidsley,akidsleydp@nps.gov,Male,Flipbug,Didou,General Manager
Tasia,Nestoruk,tnestorukdq@phoca.cz,Female,Thoughtmix,Dapdap,Actuary
Dinny,Gossan,dgossandr@constantcontact.com,Female,Youfeed,Mosjøen,Systems Administrator III
Clarice,MacCombe,cmaccombeds@gmpg.org,Female,Blogspan,Kuching,Engineer I
Jere,Drysdell,jdrysdelldt@instagram.com,Male,Wikizz,Martapura,Legal Assistant
Minny,Exall,mexalldu@examiner.com,Female,Vinte,Leeds,Systems Administrator IV
Noelani,Rampling,nramplingdv@soundcloud.com,Female,Vinte,Sagua de Tánamo,Environmental Specialist
Ayn,Vassman,avassmandw@behance.net,Female,Rhyloo,Cikembang,Pharmacist
Paulie,Bumfrey,pbumfreydx@ft.com,Male,Feedfire,Créteil,GIS Technical Architect
Anne-corinne,Vasyaev,avasyaevdy@ycombinator.com,Female,Eimbee,Wuluquele,Physical Therapy Assistant
Giusto,Peete,gpeetedz@jugem.jp,Male,Babbleset,Voznesenskoye,Speech Pathologist
Merrile,Lagne,mlagnee0@army.mil,Female,Dabtype,Enskede,Automation Specialist II
Fletcher,Saddler,fsaddlere1@163.com,Male,Thoughtstorm,Kalibunder,VP Product Management
Dolph,Dallemore,ddallemoree2@ameblo.jp,Male,Quimm,San Quintin,Web Developer I
Latia,Tune,ltunee3@skyrock.com,Female,Vipe,Hailang,Librarian
Toby,Ducarne,tducarnee4@privacy.gov.au,Male,Realcube,Luuka Town,Programmer Analyst I
Iolande,Duncombe,iduncombee5@zdnet.com,Female,Wordpedia,Jiazhi,Occupational Therapist
Lu,Sebley,lsebleye6@noaa.gov,Female,Quimm,Älvsjö,VP Accounting
Lefty,Bettley,lbettleye7@sciencedaily.com,Male,Bubblemix,Wangunjaya,Junior Executive
Lisle,Cruikshanks,lcruikshankse8@youtu.be,Male,Teklist,Yamada,Marketing Assistant
Easter,Wallage,ewallagee9@ycombinator.com,Female,Livetube,Shymkent,Help Desk Operator
Dorie,Elvins,delvinsea@google.com.au,Male,Yabox,Chuguyevka,Statistician III
Carlie,Jope,cjopeeb@google.cn,Male,Thoughtstorm,Veliki Preslav,Financial Analyst
Dunstan,Bampton,dbamptonec@irs.gov,Male,Yodel,Fushan,VP Accounting
Duane,Niccols,dniccolsed@redcross.org,Male,Linkbuzz,Krajan,GIS Technical Architect
Blake,Linck,blinckee@house.gov,Female,Zoomzone,Karakol,Human Resources Manager
Ilene,Trent,itrentef@newyorker.com,Female,JumpXS,Az Zarbah,Legal Assistant
Rania,Davage,rdavageeg@un.org,Female,Lajo,Odrinhas,Geological Engineer
Mame,Mayers,mmayerseh@narod.ru,Female,Camido,Tougan,Health Coach III
Claude,Tatum,ctatumei@multiply.com,Female,Trilia,Olszówka,Compensation Analyst
Andonis,Goosey,agooseyej@blogger.com,Male,Thoughtbridge,Tangtuzhui,Safety Technician I
Hewe,Pfeffel,hpfeffelek@examiner.com,Male,Avaveo,Kalinovskaya,Help Desk Operator
Izak,Elward,ielwardel@archive.org,Male,Meeveo,Honglu,Editor
Vinnie,Kenan,vkenanem@facebook.com,Female,Kazio,Rantepang,Automation Specialist IV
Thornton,Kynge,tkyngeen@businesswire.com,Male,Youspan,Jiangzhou,Help Desk Operator
Christos,Hemerijk,chemerijkeo@dropbox.com,Male,Edgeclub,Topeka,Financial Advisor
Clare,Brogioni,cbrogioniep@senate.gov,Female,Edgeblab,Ban Phaeo,Accounting Assistant II
Lindi,Rymill,lrymilleq@furl.net,Female,Realcube,Wencheng,Sales Associate
Ab,Reeman,areemaner@berkeley.edu,Male,Linkbridge,Planaltina,General Manager
Amy,Sharpless,asharplesses@ustream.tv,Female,Rhynoodle,Dongjin,Financial Advisor
Michael,Lampet,mlampetet@wordpress.com,Male,Brightdog,Santos Dumont,Cost Accountant
Way,Vannozzii,wvannozziieu@guardian.co.uk,Male,Yodel,Sukamaju,Quality Engineer
Rafferty,Joss,rjossev@nature.com,Male,Lajo,North Little Rock,Mechanical Systems Engineer
Wallie,Beisley,wbeisleyew@ycombinator.com,Female,Dabjam,Valladolid,Business Systems Development Analyst
Rasia,Edyson,redysonex@linkedin.com,Female,Jabbersphere,Devitsa,Accounting Assistant I
Carlynne,Giorgietto,cgiorgiettoey@thetimes.co.uk,Female,Livepath,Tāfuna,Professor
Waylin,Malicki,wmalickiez@howstuffworks.com,Male,Yodel,Breda,Registered Nurse
Berry,Dudson,bdudsonf0@accuweather.com,Female,Demimbu,Itapevi,Systems Administrator IV
Clywd,Senyard,csenyardf1@examiner.com,Male,Photobug,Nakonde,Sales Representative
Talya,Weekland,tweeklandf2@woothemes.com,Female,Livepath,Denver,Dental Hygienist
Kimbell,Illem,killemf3@ucoz.com,Male,Dabjam,Quibal,Accountant III
Gail,Keemar,gkeemarf4@tuttocitta.it,Male,Edgeclub,Houston,Legal Assistant
Deina,Tuley,dtuleyf5@admin.ch,Female,Quinu,Palmas,Information Systems Manager
Harmonie,Naismith,hnaismithf6@virginia.edu,Female,Zava,Hronov,Project Manager
Fayth,McCloch,fmcclochf7@exblog.jp,Female,Brightbean,Kebonsari,Information Systems Manager
Sophi,Zealey,szealeyf8@123-reg.co.uk,Female,Edgeify,Líbeznice,Legal Assistant
Burlie,Fairall,bfairallf9@goodreads.com,Male,Wikivu,Toutuo,Analog Circuit Design manager
Waldon,McCully,wmccullyfa@wunderground.com,Male,Eazzy,Mantar,VP Accounting
Reinhard,Lamberti,rlambertifb@slashdot.org,Male,Kwinu,Cerna,Research Nurse
Pearl,Duckit,pduckitfc@smh.com.au,Female,Tagopia,Laventure,Administrative Assistant II
Gratia,Horley,ghorleyfd@goodreads.com,Female,Kayveo,Elói Mendes,Desktop Support Technician
Lynn,Vanyarkin,lvanyarkinfe@wix.com,Female,Yacero,Izmaylovo,Human Resources Assistant IV
Salvidor,Matthewes,smatthewesff@ucla.edu,Male,Kanoodle,Llorente,Sales Representative
Prent,Redish,predishfg@google.it,Male,Devshare,Lagunas,VP Sales
Darcey,Millom,dmillomfh@nature.com,Female,Brightbean,Birigui,Associate Professor
Vassili,Huntar,vhuntarfi@ovh.net,Male,Pixoboo,Fastovetskaya,Environmental Tech
Kalie,Seeney,kseeneyfj@digg.com,Female,Skyble,Puerto Obaldía,Dental Hygienist
Tedd,Bygreaves,tbygreavesfk@skyrock.com,Male,Twitterworks,Jingpeng,VP Sales
Jakie,Burdoun,jburdounfl@fastcompany.com,Male,Aibox,Conchamarca,Dental Hygienist
Nicolis,Goldie,ngoldiefm@weebly.com,Male,Kwinu,Marsabit,Mechanical Systems Engineer
Essa,O'Brogane,eobroganefn@google.com.br,Female,Skibox,Cibeusi,Health Coach I
Darby,Rolance,drolancefo@netvibes.com,Female,Abata,Kubangsari,Assistant Media Planner
Sallie,Whitmore,swhitmorefp@smh.com.au,Female,Youopia,El Rincón,Senior Quality Engineer
Evyn,Levesque,elevesquefq@shutterfly.com,Male,Tagfeed,Santa Ana,Information Systems Manager
Dukey,Bayford,dbayfordfr@vinaora.com,Male,Vipe,Panchagarh,Developer I
Georgia,Caldecot,gcaldecotfs@mashable.com,Female,Jayo,Bamut,Research Nurse
Adham,Brennenstuhl,abrennenstuhlft@vistaprint.com,Male,Yodel,Hepingyizu,Safety Technician IV
Lanie,Skittle,lskittlefu@ameblo.jp,Female,Skyba,Nueva Esperanza,Electrical Engineer
Harley,Saffen,hsaffenfv@cafepress.com,Male,Ozu,Messíni,Director of Sales
Huntington,Netti,hnettifw@vinaora.com,Male,Mydeo,Lazaro Cardenas,Graphic Designer
Charyl,Antoniat,cantoniatfx@paypal.com,Female,Livetube,Dalmatovo,Administrative Officer
Vivyan,Rimmington,vrimmingtonfy@about.com,Female,Dabtype,Buikwe,Sales Associate
Zahara,Trunks,ztrunksfz@ucoz.com,Female,Feedspan,Boa Esperança,Senior Editor
Burnaby,Kerner,bkernerg0@ca.gov,Male,Oyoba,Yangjiafang,Automation Specialist II
Norris,Petricek,npetricekg1@un.org,Male,Jatri,Chernyakhovsk,Financial Advisor
Teddy,Guitton,tguittong2@youtu.be,Female,Minyx,Velikooktyabr’skiy,Graphic Designer
Odessa,Cannop,ocannopg3@google.ca,Female,Zoovu,Bilopillya,Director of Sales
Guido,Kapelhoff,gkapelhoffg4@geocities.jp,Male,Meeveo,Bayawan,VP Sales
Nester,Jeves,njevesg5@bravesites.com,Male,Shuffletag,Paltamo,Senior Financial Analyst
Bernadine,Bream,bbreamg6@dagondesign.com,Female,Ooba,Sundsvall,Accounting Assistant I
Shandeigh,Pashenkov,spashenkovg7@parallels.com,Female,Thoughtsphere,Cai Doi Vam,Help Desk Operator
Allsun,Burnsell,aburnsellg8@gravatar.com,Female,Twitterbeat,Minnedosa,Analog Circuit Design manager
Michaelina,Blayney,mblayneyg9@e-recht24.de,Female,Youspan,Salantai,Human Resources Manager
Maighdiln,Le Noire,mlenoirega@ebay.co.uk,Female,Reallinks,Singida,Staff Accountant III
Tammi,Dagnall,tdagnallgb@answers.com,Female,Skimia,Zalewo,Pharmacist
Waiter,Cawdell,wcawdellgc@aboutads.info,Male,Jabbertype,Karangampel,Database Administrator I
Andrea,Rew,arewgd@php.net,Male,Oba,La Colorada,Programmer II
Philippa,Ebunoluwa,pebunoluwage@usatoday.com,Female,Pixope,Břeclav,Senior Developer
Isaac,Daulton,idaultongf@alexa.com,Male,Eidel,Bagong Barrio,Biostatistician IV
Jamill,Maneylaws,jmaneylawsgg@goo.ne.jp,Male,Blogpad,Torino,VP Marketing
Charmane,O' Dornan,codornangh@youtu.be,Female,Twinte,Campo Viera,Statistician I
Kordula,Reolfi,kreolfigi@bravesites.com,Female,Jabbersphere,Dorp Tera Kora,Assistant Professor
Boniface,Probate,bprobategj@ning.com,Male,Bluezoom,Da’an,Accountant I
Merralee,Millan,mmillangk@bloglines.com,Female,Brainsphere,Fleury-les-Aubrais,Physical Therapy Assistant
Theda,Marcam,tmarcamgl@yolasite.com,Female,Einti,Haoxin,Pharmacist
Katheryn,O'Shirine,koshirinegm@ca.gov,Female,Yakitri,Novonikol’sk,Compensation Analyst
Mario,Orritt,morrittgn@independent.co.uk,Male,Trudoo,Il’inskiy Pogost,Quality Engineer
Sabrina,Hosby,shosbygo@sciencedaily.com,Female,Browsebug,Kisela Voda,Community Outreach Specialist
Creighton,Raoult,craoultgp@dagondesign.com,Male,Wikibox,Mino,Senior Editor
Nolan,Hacquoil,nhacquoilgq@moonfruit.com,Male,Gabtune,Ugep,General Manager
Ganny,Hinstock,ghinstockgr@fotki.com,Male,Rooxo,Knjazevac,Account Representative III
Ginni,Jandera,gjanderags@arstechnica.com,Female,Jaxnation,Douane,Statistician IV
Rebeca,Freeburn,rfreeburngt@stanford.edu,Female,Centizu,Krzeszów,Internal Auditor
Hobie,Keling,hkelinggu@godaddy.com,Male,Browsezoom,Metsovo,Media Manager I
Jasmina,Pervew,jpervewgv@ucla.edu,Female,Blogpad,Pitangueiras,Senior Editor
Tine,Stalman,tstalmangw@cbc.ca,Female,Zoombox,Phú Mỹ,Web Designer IV
Cedric,Greenleaf,cgreenleafgx@storify.com,Male,Oyonder,Pinara,Data Coordiator
Mariana,Stutard,mstutardgy@netscape.com,Female,Jabbertype,Maroúsi,Operator
Ediva,Cockson,ecocksongz@ning.com,Female,Feedfire,Karangpapak,Senior Sales Associate
Donny,Cowe,dcoweh0@latimes.com,Male,Yambee,Yangyuan,Graphic Designer
Wilhelmina,Jay,wjayh1@independent.co.uk,Female,Geba,Darovskoy,Director of Sales
Anderson,Woodley,awoodleyh2@cnbc.com,Male,Oyoba,Farrokh Shahr,Geologist I
Leif,Haglington,lhaglingtonh3@unicef.org,Male,Wordify,Phonsavan,Geological Engineer
Tom,Thirlwell,tthirlwellh4@shop-pro.jp,Male,Geba,Melaka,Account Executive
Brodie,Rummin,brumminh5@mashable.com,Male,Browsezoom,Sanjiangkou,Human Resources Manager
Melissa,Tough,mtoughh6@fda.gov,Female,Einti,Irákleia,Teacher
Cathee,Seedman,cseedmanh7@marketwatch.com,Female,Realbuzz,Qulai,Financial Analyst
Hermann,Fursse,hfursseh8@businessinsider.com,Male,Dynabox,Koungheul,Paralegal
Koo,Ogbourne,kogbourneh9@pen.io,Female,Reallinks,Qiman,Automation Specialist I
Percival,Ellen,pellenha@artisteer.com,Male,Meevee,Jubb Ramlah,Geologist II
Justis,Woolmington,jwoolmingtonhb@reddit.com,Male,Buzzshare,Puerto Berrío,Geological Engineer
Taite,Pickersgill,tpickersgillhc@paginegialle.it,Male,Rhyloo,Dongming,Help Desk Technician
Valaree,Stannett,vstannetthd@jimdo.com,Female,Gigashots,Gondomar,Sales Representative
Obadiah,Bilofsky,obilofskyhe@merriam-webster.com,Male,Reallinks,Fāqūs,Human Resources Assistant III
Hugh,Haburne,hhaburnehf@wunderground.com,Male,Ooba,Makurdi,Quality Control Specialist
Amalee,Lynde,alyndehg@vinaora.com,Female,Rhynoodle,Machico,Web Designer II
Kennith,Conrard,kconrardhh@indiatimes.com,Male,Jabberbean,Nāḩīyat Saddat al Hindīyah,VP Product Management
Abba,Hoodless,ahoodlesshi@naver.com,Male,Blogtags,Lashkar Gāh,Account Coordinator
Belia,Clowney,bclowneyhj@comsenz.com,Female,Pixope,Quezaltepeque,Legal Assistant
Nellie,Furzer,nfurzerhk@pinterest.com,Female,Meemm,Dulian,Professor
Elysha,Diggell,ediggellhl@mayoclinic.com,Female,Jazzy,Itabaiana,Programmer Analyst III
Sloan,Ramsbottom,sramsbottomhm@huffingtonpost.com,Male,Kimia,Gengcheng,Systems Administrator I
Cornelia,Ferschke,cferschkehn@statcounter.com,Female,Yozio,Kuma,Senior Sales Associate
Findlay,Scruby,fscrubyho@php.net,Male,Lazz,Hénin-Beaumont,Software Consultant
Geri,Toolan,gtoolanhp@usatoday.com,Female,Vidoo,Wuli,VP Marketing
Garek,De La Cote,gdelacotehq@feedburner.com,Male,Rhyzio,Jingzhou,Account Representative IV
Pippa,Dockwray,pdockwrayhr@people.com.cn,Female,Trunyx,Czarnożyły,Graphic Designer
Giulia,Stoate,gstoatehs@senate.gov,Female,Tazzy,Nancy,VP Marketing
Addie,Watters,awattersht@nydailynews.com,Female,Oozz,Al Manşūrah,Environmental Specialist
Jarad,Neissen,jneissenhu@twitpic.com,Male,Dynabox,Cravinhos,Programmer I
Osbert,Ridulfo,oridulfohv@state.gov,Male,Abata,Pimentel,Electrical Engineer
Katharina,Morstatt,kmorstatthw@auda.org.au,Female,Voonix,Lucija,Junior Executive
Ulrike,Zoellner,uzoellnerhx@youtube.com,Female,Divanoodle,Heiiyugou,Social Worker
Curt,Cricket,ccrickethy@symantec.com,Male,Zoomcast,La Esperanza,Research Assistant IV
Gregoire,Castagneto,gcastagnetohz@amazon.co.uk,Male,Shufflebeat,Julcamarca,Environmental Specialist
Rachele,Cosgreave,rcosgreavei0@harvard.edu,Female,Vimbo,Lyaskelya,Financial Advisor
Fidela,Dimitriou,fdimitrioui1@gmpg.org,Female,Edgeclub,Valado dos Frades,Media Manager II
Rog,Tiler,rtileri2@xinhuanet.com,Male,Centizu,Erechim,Community Outreach Specialist
Mikol,Fielder,mfielderi3@paypal.com,Male,Skibox,Stockholm,VP Quality Control
Julissa,Casazza,jcasazzai4@tinyurl.com,Female,Meembee,Saint-Maurice-l'Exil,Nurse
Theobald,Slate,tslatei5@fotki.com,Male,Shufflester,Tarusa,Executive Secretary
Jeffie,McPhater,jmcphateri6@eepurl.com,Male,Youopia,Sukowono,Financial Advisor
Lynea,Dingivan,ldingivani7@hc360.com,Female,Bubblebox,Imeni Babushkina,Web Designer I
Avie,Bannard,abannardi8@acquirethisname.com,Female,Shuffledrive,Gribanovskiy,Senior Sales Associate
Domini,Josovich,djosovichi9@mozilla.com,Female,Riffpedia,Shuangxikou,Senior Financial Analyst
Bryn,Wreford,bwrefordia@latimes.com,Male,Blogspan,Libochovice,Graphic Designer
Celia,Burke,cburkeib@apple.com,Female,Zoomdog,Pasirhaur,GIS Technical Architect
Millard,Dilkes,mdilkesic@privacy.gov.au,Male,Miboo,Pucara,Marketing Manager
Ernesta,Baldwin,ebaldwinid@pagesperso-orange.fr,Female,Twitterworks,Wat Sing,Senior Sales Associate
Thomas,Kilpatrick,tkilpatrickie@answers.com,Male,Yacero,Zhaixi,Data Coordiator
Elianora,Kivlin,ekivlinif@list-manage.com,Female,Tazz,Opatov,Design Engineer
Ernestus,Mennithorp,emennithorpig@toplist.cz,Male,Skinix,Puerto Rico,Help Desk Operator
Jenilee,Crimmins,jcrimminsih@wp.com,Female,Avaveo,Xinjian,Nuclear Power Engineer
Serge,Locke,slockeii@nytimes.com,Male,Voonder,Chalandrítsa,Staff Accountant I
Martin,Drewet,mdrewetij@webmd.com,Male,Livepath,Ndeaboh,Assistant Professor
Pavla,Proudlove,pproudloveik@goo.gl,Female,Devshare,Al Qanāwiş,Structural Engineer
Cy,Beardon,cbeardonil@businessweek.com,Male,Eazzy,Planaltina,Environmental Tech
Nigel,Mahy,nmahyim@pcworld.com,Male,Katz,Bebae,Pharmacist
Darwin,Please,dpleasein@amazon.de,Male,Photobean,Gribanovskiy,Pharmacist
Chan,Stebbings,cstebbingsio@google.com.br,Male,Oyoloo,Manaoag,VP Quality Control
Baryram,Kyd,bkydip@telegraph.co.uk,Male,Latz,Balyqshy,Executive Secretary
Luelle,Hoy,lhoyiq@artisteer.com,Female,Twitternation,Pak Phanang,Data Coordiator
Mario,Frederick,mfrederickir@printfriendly.com,Male,Aimbo,Limeira,Health Coach IV
Eleen,Broz,ebrozis@soundcloud.com,Female,Feedfish,Babakanlapang,Operator
Netty,Stirling,nstirlingit@xing.com,Female,Topicstorm,Lekaj,Accounting Assistant III
Gearard,Horstead,ghorsteadiu@sciencedirect.com,Male,Edgeclub,Pampierstad,Staff Accountant I
Korney,Angeli,kangeliiv@trellian.com,Female,Midel,Nigríta,Food Chemist
Christiano,Santacrole,csantacroleiw@jalbum.net,Male,Livetube,Kaum,Research Assistant III
Celestine,Dimnage,cdimnageix@dmoz.org,Female,Trunyx,Izra‘,Senior Editor
Jameson,Curds,jcurdsiy@hubpages.com,Male,Wikizz,Rumboci,Assistant Manager
Maurise,Izacenko,mizacenkoiz@google.com.hk,Female,Shufflester,Mabilog,Analyst Programmer
Eveleen,Rawlinson,erawlinsonj0@rediff.com,Female,Voonte,Huzhen,Financial Advisor
Banky,Lambarton,blambartonj1@tripod.com,Male,Fivebridge,Yam,Marketing Manager
Jaynell,Lippitt,jlippittj2@yelp.com,Female,Youspan,Pyrgetós,Account Representative IV
Northrup,Cordery,ncorderyj3@samsung.com,Male,Agivu,San Pedro,Systems Administrator III
Laurette,Barts,lbartsj4@loc.gov,Female,Topicware,Botoh,Financial Analyst
Francois,Boundley,fboundleyj5@redcross.org,Male,Eamia,Anáfi,Recruiter
Henrietta,Ecles,heclesj6@hp.com,Female,Eadel,Vila Ribeiro,Administrative Assistant IV
Grenville,Eglaise,geglaisej7@timesonline.co.uk,Male,Feedmix,Hinvi,Environmental Tech
Aura,Kohrsen,akohrsenj8@mac.com,Female,Jetpulse,Liufeng,Legal Assistant
Fairlie,Barbara,fbarbaraj9@intel.com,Male,Muxo,Radziszów,VP Quality Control
Chick,Perrelli,cperrellija@springer.com,Male,Buzzster,Weibin,VP Accounting
Richart,Illwell,rillwelljb@google.com.au,Male,Edgetag,Palopat,Accountant IV
Dag,Nisen,dnisenjc@free.fr,Male,Meevee,Suvorovo,Speech Pathologist
Timmy,Gage,tgagejd@canalblog.com,Female,Cogidoo,Cochrane,Web Developer III
Tory,Tewkesberrie,ttewkesberrieje@vistaprint.com,Female,Realcube,Brusy,Accounting Assistant III
Ursola,Dalby,udalbyjf@utexas.edu,Female,Kwimbee,Balbalan,Research Assistant III
Claiborn,Brotherhood,cbrotherhoodjg@google.co.jp,Male,Rooxo,Buje,Research Assistant III
Mathilda,Gavrielly,mgavriellyjh@i2i.jp,Female,Skinte,Goranboy,Paralegal
Edwin,Zanicchi,ezanicchiji@arizona.edu,Male,Fiveclub,Klapagada,Computer Systems Analyst II
Ulrikaumeko,Gravett,ugravettjj@yellowpages.com,Female,Talane,Penelas,Associate Professor
Wat,Bains,wbainsjk@weebly.com,Male,Buzzshare,Cakran,Geologist I
Lock,Grinnell,lgrinnelljl@symantec.com,Male,BlogXS,Companhia de Baixo,Professor
Adriena,Featherstonhalgh,afeatherstonhalghjm@cpanel.net,Female,Wordtune,Dobropillya,Civil Engineer
Neille,Lohmeyer,nlohmeyerjn@pcworld.com,Female,Oodoo,Şirrīn ash Shamālīyah,Programmer Analyst IV
Sheffie,Mendenhall,smendenhalljo@naver.com,Male,Rhynyx,Mętków,Media Manager IV
Kathie,Larrad,klarradjp@canalblog.com,Female,Einti,Sindang,Nurse Practicioner
Aldon,Marriott,amarriottjq@people.com.cn,Male,Dynazzy,Lucheng,Payment Adjustment Coordinator
Wayne,Kondratyuk,wkondratyukjr@canalblog.com,Male,Ooba,Ilagan,Editor
Raul,Kauble,rkaublejs@cbsnews.com,Male,Kwimbee,Huolu,Nurse Practicioner
Spencer,Kienlein,skienleinjt@state.gov,Male,Centizu,Tai Po,Financial Analyst
Vitoria,Swinney,vswinneyju@mac.com,Female,Skiptube,Oberá,Mechanical Systems Engineer
Bette-ann,Stocky,bstockyjv@ucoz.ru,Female,Jaloo,Frederiksberg,Account Coordinator
Evangelin,Sellack,esellackjw@newyorker.com,Female,Meembee,Bao’an,Junior Executive
Zolly,Minister,zministerjx@smh.com.au,Male,Mycat,São José do Egito,General Manager
Scarface,St Quenin,sstqueninjy@ow.ly,Male,Flashspan,Kobylin,Developer IV
Karlan,Clemenzo,kclemenzojz@google.es,Male,Skipfire,Xiaolongmen,Statistician IV
Obie,Corradetti,ocorradettik0@si.edu,Male,Yombu,Batujaran,Librarian
Georgeanne,Kolyagin,gkolyagink1@nytimes.com,Female,Gevee,Pallasca,Librarian
Mateo,Strotton,mstrottonk2@squidoo.com,Male,Yodo,Orekhovo-Zuyevo,Senior Sales Associate
Phillis,Scranedge,pscranedgek3@i2i.jp,Female,Voolia,Kosów Lacki,Geologist IV
Alister,Rickerd,arickerdk4@eepurl.com,Male,Ntags,Yelabuga,Geological Engineer
Rafaela,Tomkys,rtomkysk5@csmonitor.com,Female,Meetz,Kosikha,Associate Professor
Bastien,Padden,bpaddenk6@ft.com,Male,Meejo,Ouango,Research Associate
Scotty,Macrae,smacraek7@twitpic.com,Male,Quatz,Macklin,Social Worker
Filmer,Elstub,felstubk8@ibm.com,Male,Trudeo,Koysinceq,Staff Scientist
Pollyanna,Salzburg,psalzburgk9@gmpg.org,Female,Livetube,Marystown,Developer IV
Carmencita,Devereu,cdevereuka@theglobeandmail.com,Female,Gabtune,Widorokandang,VP Marketing
Amaleta,Coulsen,acoulsenkb@nyu.edu,Female,Quimm,Suresnes,Senior Developer
Victor,Martinek,vmartinekkc@nasa.gov,Male,Photolist,Nuevo Emperador,Chief Design Engineer
Ramsey,Weyman,rweymankd@mysql.com,Male,Tanoodle,Santa Cecilia,Automation Specialist II
Chip,Ferby,cferbyke@mail.ru,Male,Babbleset,Safi,Mechanical Systems Engineer
Nye,Drever,ndreverkf@eventbrite.com,Male,Linklinks,Rambatan,Junior Executive
Talyah,Ierland,tierlandkg@uol.com.br,Female,Meezzy,Carrefour,Professor
Melanie,Davidof,mdavidofkh@t-online.de,Female,Eire,Warlubie,Biostatistician I
Noelle,Tchir,ntchirki@paginegialle.it,Female,Jaxbean,Ilebo,Editor
Rosita,Birtwell,rbirtwellkj@disqus.com,Female,Dazzlesphere,Dongming Chengguanzhen,Graphic Designer
Wilek,Tapner,wtapnerkk@army.mil,Male,Ailane,Umag,Geologist IV
Delly,Alenov,dalenovkl@chronoengine.com,Female,Skyba,Genova,Business Systems Development Analyst
Keefe,Gleed,kgleedkm@sphinn.com,Male,Quimm,Gostyń,VP Quality Control
Merrielle,Fluit,mfluitkn@sitemeter.com,Female,Ozu,Borovoy,VP Accounting
Nicole,Gammack,ngammackko@opera.com,Female,Voolith,Geumpang,Pharmacist
Cortney,Bonn,cbonnkp@xing.com,Female,Divavu,Jincheng,Paralegal
Alisa,Heffer,ahefferkq@desdev.cn,Female,Twitterbridge,Tunjë,Clinical Specialist
Jedidiah,Wabb,jwabbkr@google.pl,Male,Wikizz,Zhongyuan,Technical Writer
Chadwick,Stanesby,cstanesbyks@ezinearticles.com,Male,Twitterbridge,Omoku,Statistician IV
Clare,Goodrick,cgoodrickkt@ebay.com,Female,Bubblemix,Kikinda,Financial Analyst
Maryl,Margetson,mmargetsonku@berkeley.edu,Female,Rhycero,Zürich,Computer Systems Analyst IV
Reynard,Tilio,rtiliokv@icq.com,Male,Devbug,Yorosso,Technical Writer
Jessi,Negus,jneguskw@ft.com,Female,Tazzy,Baiyan,Professor
Annadiana,Menilove,amenilovekx@dyndns.org,Female,Leexo,Shuinan,Research Assistant III
Allyn,Beaver,abeaverky@mediafire.com,Male,Dynava,Profítis Ilías,Mechanical Systems Engineer
Alexis,McChruiter,amcchruiterkz@whitehouse.gov,Male,Riffwire,Casillas,Editor
Tildi,Healey,thealeyl0@ameblo.jp,Female,Mydeo,Tingsryd,Speech Pathologist
Odella,Leven,olevenl1@squidoo.com,Female,Skyba,Stratónion,Sales Representative
Andie,Gabbitus,agabbitusl2@marketwatch.com,Male,Dynava,Kromy,Civil Engineer
D'arcy,Folger,dfolgerl3@imageshack.us,Male,Dynabox,Norsborg,Business Systems Development Analyst
Jocelyn,Isac,jisacl4@hhs.gov,Female,Ntag,Shangsha,Payment Adjustment Coordinator
Evan,Cuttell,ecuttelll5@toplist.cz,Male,Jabbersphere,Klokot,Sales Representative
Albie,Escalante,aescalantel6@icq.com,Male,DabZ,Mamponteng,Administrative Officer
Jessie,Petrishchev,jpetrishchevl7@gizmodo.com,Male,Shufflester,Huandiqiao,Administrative Officer
Nancy,Murrells,nmurrellsl8@usa.gov,Female,Youspan,Camilo Aldao,Budget/Accounting Analyst IV
Estevan,Frow,efrowl9@unblog.fr,Male,Kazu,Tlogosari,Accounting Assistant IV
Kennith,Darby,kdarbyla@marriott.com,Male,Eire,Montréal-Ouest,Junior Executive
Robin,Askie,raskielb@theatlantic.com,Female,Yadel,São Luís,Clinical Specialist
Dennet,Capron,dcapronlc@latimes.com,Male,Shufflester,Sauce,Help Desk Operator
Ceciley,Gillopp,cgilloppld@adobe.com,Female,Ailane,Glagahan,Computer Systems Analyst I
Petra,Dallaway,pdallawayle@last.fm,Female,Gigabox,Maripipi,Dental Hygienist
Franciska,Juschke,fjuschkelf@upenn.edu,Female,Thoughtbridge,Lidingö,Dental Hygienist
Rodger,Jordan,rjordanlg@simplemachines.org,Male,Photobug,Czarne,Staff Accountant I
Nancey,Loveguard,nloveguardlh@hugedomains.com,Female,Twinder,Riofrío,Media Manager I
Cyril,Fishpoole,cfishpooleli@youku.com,Male,Wikizz,Gelan,Automation Specialist III
Morty,Calyton,mcalytonlj@epa.gov,Male,Linklinks,Doushan,Teacher
Tadd,Scain,tscainlk@bbc.co.uk,Male,Vinder,Xigou,Sales Associate
Brandon,Dumini,bduminill@about.me,Male,Izio,Kusak,Project Manager
Collette,Tape,ctapelm@unblog.fr,Female,Skyble,Nagutskoye,Statistician I
Baily,Aloshechkin,baloshechkinln@usda.gov,Male,Photofeed,Birmingham,Environmental Tech
Ulrikaumeko,Gillingham,ugillinghamlo@exblog.jp,Female,Edgepulse,Amagasaki,Programmer I
Rutter,Le Grove,rlegrovelp@php.net,Male,Skynoodle,Zwolle,Research Associate
Bobbe,Fullbrook,bfullbrooklq@symantec.com,Female,Oozz,Batasan,Senior Quality Engineer
Benton,Grint,bgrintlr@aol.com,Male,Brainverse,Kostyantynivka,Editor
Kalle,Vondracek,kvondracekls@theatlantic.com,Male,Wikibox,Xinghe Chengguanzhen,Assistant Media Planner
Ernesta,Barbary,ebarbarylt@shareasale.com,Female,Jamia,Ōkuchi,Food Chemist
Marcelo,Stonhard,mstonhardlu@yale.edu,Male,Meezzy,Opatówek,Budget/Accounting Analyst IV
Stacy,Durkin,sdurkinlv@cbsnews.com,Male,Gabtune,Laguilayan,Nuclear Power Engineer
Dannye,Shallcrass,dshallcrasslw@dyndns.org,Female,Camido,Kalatongke,Staff Scientist
Manda,Evanson,mevansonlx@oaic.gov.au,Female,Riffpedia,Sandaogou,Data Coordiator
Dame,Greenough,dgreenoughly@nba.com,Male,Oloo,Shar’ya,Accountant II
Simmonds,Restorick,srestoricklz@sciencedirect.com,Male,Avavee,Qingshui,Account Coordinator
Bab,Dmytryk,bdmytrykm0@uiuc.edu,Female,Photojam,Petrovsk,Electrical Engineer
Lazarus,Wooding,lwoodingm1@uol.com.br,Male,Jaxspan,Al Qanāţir al Khayrīyah,Recruiter
Andra,Handscomb,ahandscombm2@de.vu,Female,Vimbo,Telheira,Media Manager II
Lanae,Atte-Stone,lattestonem3@odnoklassniki.ru,Female,Twitterworks,Kotatengah,Tax Accountant
Tierney,Mehmet,tmehmetm4@squidoo.com,Female,Feedspan,Zhuge,Editor
Barrie,Dils,bdilsm5@redcross.org,Male,Photospace,Urzhar,Biostatistician III
Ephrayim,Geekie,egeekiem6@nasa.gov,Male,Oloo,Huicheng,Human Resources Assistant I
Reagen,Pimm,rpimmm7@is.gd,Male,Zoonder,Peliyagoda,VP Marketing
Aurea,Shingles,ashinglesm8@guardian.co.uk,Female,Photobug,Laya,Design Engineer
Tracy,Veysey,tveyseym9@furl.net,Female,Feedfire,Sparwood,Chemical Engineer
Wakefield,Breddy,wbreddyma@house.gov,Male,Topicware,Kleszczewo,Marketing Assistant
Bevin,Tomalin,btomalinmb@wikispaces.com,Male,Camido,Dongshentou,Human Resources Assistant III
Field,Ghilks,fghilksmc@photobucket.com,Male,Mynte,Yefremov,Media Manager I
Jaime,Youd,jyoudmd@example.com,Female,Yodoo,Gizałki,Quality Engineer
Nelly,Billiard,nbilliardme@ox.ac.uk,Female,Wikizz,Bokkos,Librarian
Norma,MacHostie,nmachostiemf@addthis.com,Female,Zoovu,Makilala,Clinical Specialist
Brittney,Huckell,bhuckellmg@github.io,Female,Zoovu,Oele,GIS Technical Architect
Humfried,Doogue,hdooguemh@princeton.edu,Male,Flipbug,Meia Via,Internal Auditor
Wendeline,Prince,wprincemi@about.com,Female,Ntags,Koper,VP Quality Control
Hew,Krauss,hkraussmj@opensource.org,Male,Dynabox,Armanāz,Sales Representative
Cam,Damato,cdamatomk@arizona.edu,Female,Plajo,Orlovskiy,Assistant Professor
Reece,Blas,rblasml@addtoany.com,Male,Trunyx,Papatowai,Payment Adjustment Coordinator
Tymothy,Parsonage,tparsonagemm@networkadvertising.org,Male,Thoughtmix,Cherryville,Staff Scientist
Kelvin,Zoanetti,kzoanettimn@networksolutions.com,Male,Mudo,Międzyrzecz,Marketing Assistant
Jacenta,Simounet,jsimounetmo@unesco.org,Female,Realcube,Donghe,Senior Financial Analyst
Dorisa,Garrood,dgarroodmp@booking.com,Female,Dabjam,Francisco J Mujica,Senior Sales Associate
Krishnah,Dahle,kdahlemq@twitpic.com,Male,Jazzy,Lahishyn,Computer Systems Analyst II
Dominik,Orwin,dorwinmr@cornell.edu,Male,Thoughtmix,Cijengkol,Social Worker
Ferrel,d' Eye,fdeyems@ucoz.ru,Male,Realbuzz,Fort Macleod,VP Accounting
Allys,Pionter,apiontermt@fastcompany.com,Female,Aivee,Pilníkov,Junior Executive
Perla,Keenor,pkeenormu@nasa.gov,Female,Jabberbean,San Francisco,Human Resources Manager
Francesco,Parsley,fparsleymv@globo.com,Male,Topiclounge,Annecy-le-Vieux,Administrative Officer
Annabal,Eglaise,aeglaisemw@fema.gov,Female,Chatterbridge,San Fernando de Atabapo,Web Designer IV
Nettie,Lockett,nlockettmx@cbslocal.com,Female,Youopia,Tampa,Staff Accountant IV
Gareth,Matson,gmatsonmy@dyndns.org,Male,Shuffletag,Campo Verde,Sales Associate
Lek,Ferminger,lfermingermz@icio.us,Male,Topiclounge,Kumla,VP Marketing
Janek,Jessel,jjesseln0@blogs.com,Male,Tagchat,Farīmān,Environmental Specialist
Bryan,Phythian,bphythiann1@amazon.de,Male,Skyble,Baoshi,Senior Cost Accountant
Thom,Barta,tbartan2@sina.com.cn,Male,Minyx,Pedregal,Cost Accountant
Quill,Spykins,qspykinsn3@businesswire.com,Male,Jaxbean,Brańsk,Executive Secretary
Allyson,Banisch,abanischn4@wsj.com,Female,JumpXS,Gniezno,Community Outreach Specialist
Farrell,Barnwell,fbarnwelln5@umn.edu,Male,Ooba,Tong’an,Research Assistant IV
Pattie,Mapholm,pmapholmn6@illinois.edu,Male,Jaxspan,Guyancourt,Structural Analysis Engineer
Griffin,Selbach,gselbachn7@wsj.com,Male,Pixonyx,Wuling,Dental Hygienist
Jae,O'Cassidy,jocassidyn8@usgs.gov,Male,Shufflebeat,Loma Alta,Computer Systems Analyst I
Stinky,Tapscott,stapscottn9@so-net.ne.jp,Male,Skimia,Ariguaní,Pharmacist
Morry,Silwood,msilwoodna@google.de,Male,Zoonder,Aksu,Mechanical Systems Engineer
Louie,McMahon,lmcmahonnb@smh.com.au,Male,Layo,Luleå,Financial Analyst
Urban,Adger,uadgernc@census.gov,Male,Photojam,Strzyżowice,Librarian
Johnath,Houtbie,jhoutbiend@youtu.be,Female,Voonte,Zverevo,Actuary
Kirsten,Pittway,kpittwayne@nasa.gov,Female,Lajo,Itabuna,Senior Cost Accountant
Breena,Bazley,bbazleynf@pbs.org,Female,Kwinu,Morazán,Office Assistant II
Gabriellia,Kerwen,gkerwenng@ftc.gov,Female,Zazio,Bartolomé Masó,Geological Engineer
Neill,Erricker,nerrickernh@hc360.com,Male,Trupe,Dasha,Professor
Brady,Batcheldor,bbatcheldorni@aboutads.info,Male,Eidel,Hirakata,Payment Adjustment Coordinator
Sergei,Goldman,sgoldmannj@vistaprint.com,Male,Quatz,Kongoussi,Business Systems Development Analyst
Tad,McAlpine,tmcalpinenk@ebay.com,Male,Reallinks,Cibodas,Civil Engineer
Joceline,Waplinton,jwaplintonnl@apple.com,Female,Skyble,Mandaon,Human Resources Manager
Mikel,Ivins,mivinsnm@chicagotribune.com,Male,Quinu,Lebedinovka,Programmer Analyst II
Filbert,Tinkham,ftinkhamnn@yandex.ru,Male,Feedfire,Banqiao,Desktop Support Technician
Bobbie,Matanin,bmataninno@fastcompany.com,Male,Chatterpoint,Pukou,Environmental Tech
Bailey,McFeate,bmcfeatenp@ask.com,Male,Edgetag,Schiltigheim,Help Desk Operator
Marci,Bodleigh,mbodleighnq@unc.edu,Female,Skynoodle,Alegrete,Human Resources Manager
Cam,Whatling,cwhatlingnr@state.tx.us,Female,Nlounge,Berestechko,Operator
Cari,Lethibridge,clethibridgens@comcast.net,Female,Buzzdog,Kyzylorda,Senior Developer
Betsy,Saunton,bsauntonnt@domainmarket.com,Female,Cogidoo,Lingdangge,Research Nurse
Shamus,Rotlauf,srotlaufnu@accuweather.com,Male,Quatz,Kallithéa,Director of Sales
Onida,Impett,oimpettnv@unc.edu,Female,Chatterpoint,Kihurio,Senior Cost Accountant
Orlando,Hazelton,ohazeltonnw@ocn.ne.jp,Male,Yamia,Yueyahe,Senior Quality Engineer
Ettore,Hamill,ehamillnx@storify.com,Male,Voonix,Shuyuan Zhen,Editor
Immanuel,Smedmoor,ismedmoorny@cnet.com,Male,Jazzy,Ternate,Accountant III
Valeda,Halm,vhalmnz@paginegialle.it,Female,Quinu,Luuka Town,Human Resources Manager
Marje,Yurov,myurovo0@gov.uk,Female,Centimia,Liuzuo,VP Product Management
Kalle,Henze,khenzeo1@ted.com,Male,Quire,Villa Carlos Paz,Research Associate
Bride,Gookey,bgookeyo2@livejournal.com,Female,Aimbo,Yacheng,Technical Writer
Zonda,La Wille,zlawilleo3@amazon.de,Female,Thoughtblab,Pawili,Systems Administrator II
Camala,Wallbutton,cwallbuttono4@hostgator.com,Female,Quimba,Chico,Account Coordinator
Kenton,Kivlehan,kkivlehano5@theatlantic.com,Male,Quimm,Angostura,Assistant Professor
Alisander,Dene,adeneo6@purevolume.com,Male,Ooba,Jiangchuan,Legal Assistant
Lita,Reay,lreayo7@vkontakte.ru,Female,Flashdog,Sens,Speech Pathologist
Drucie,Gulliver,dgullivero8@facebook.com,Female,Tekfly,Tehetu,Payment Adjustment Coordinator
Berk,Bragg,bbraggo9@360.cn,Male,Innojam,Jiazhuang,Help Desk Operator
Bibbie,Vaughten,bvaughtenoa@slate.com,Female,Wordpedia,Peimei,Dental Hygienist
Bennie,Crippin,bcrippinob@biglobe.ne.jp,Male,Photojam,Kout na Šumavě,Assistant Professor
Deny,McMorran,dmcmorranoc@pbs.org,Female,Rhyloo,Rulong,Design Engineer
Basia,Apthorpe,bapthorpeod@dmoz.org,Female,Devpoint,Brniště,Computer Systems Analyst III
Sashenka,Burkinshaw,sburkinshawoe@myspace.com,Female,Livepath,León,Compensation Analyst
Aurea,Olivello,aolivelloof@ucsd.edu,Female,Katz,Tenjolaya,Registered Nurse
Melisa,Carrel,mcarrelog@istockphoto.com,Female,Skynoodle,Varpaisjärvi,VP Quality Control
Dolores,Billsberry,dbillsberryoh@moonfruit.com,Female,Vinder,Chociwel,Research Nurse
Lara,Plaschke,lplaschkeoi@google.it,Female,Omba,Cerklje na Gorenjskem,Occupational Therapist
Herbie,Scotts,hscottsoj@admin.ch,Male,Gigashots,Majia,Systems Administrator III
Peggy,MacCaghan,pmaccaghanok@paginegialle.it,Female,Topicware,Vouani,Research Assistant IV
Joni,Vasiliev,jvasilievol@sfgate.com,Female,Jabberstorm,Cheyenne,Graphic Designer
Tallie,Levesque,tlevesqueom@cocolog-nifty.com,Female,Eare,Madison,Cost Accountant
Derril,Doddrell,ddoddrellon@nsw.gov.au,Male,Yakidoo,Toluviejo,Registered Nurse
Darline,Enterle,denterleoo@delicious.com,Female,Oyoloo,Cungkal,Human Resources Manager
Forster,Spadollini,fspadolliniop@dmoz.org,Male,Oloo,Dalmeny,Nurse
Bambi,Duchart,bduchartoq@trellian.com,Female,Yotz,Zwolle,Account Coordinator
Clea,Worge,cworgeor@1688.com,Female,Skiptube,Jagong,VP Product Management
Nolana,Garn,ngarnos@hubpages.com,Female,Skipfire,Citambal,Internal Auditor
Bessie,Blakeley,bblakeleyot@tmall.com,Female,Bluezoom,Ruokolahti,Chemical Engineer
Faina,Karran,fkarranou@yahoo.co.jp,Female,Zoomzone,Turbiv,Payment Adjustment Coordinator
Shalne,Snare,ssnareov@nature.com,Female,Meezzy,Wuyao,Accounting Assistant II
Jeremias,Lobell,jlobellow@springer.com,Male,Feedspan,Mosul,Teacher
Bronny,Cossell,bcossellox@sourceforge.net,Male,Riffpedia,Tongli,Teacher
Milly,Mariot,mmariotoy@fc2.com,Female,Gigazoom,Krajan,VP Marketing
Rori,Kermath,rkermathoz@goodreads.com,Female,Oyope,Kuala Lumpur,Software Consultant
Isidro,Bolt,iboltp0@mysql.com,Male,Youspan,Rizal,Senior Quality Engineer
Shane,Simonaitis,ssimonaitisp1@aboutads.info,Male,Fiveclub,Alençon,General Manager
Ines,Bavidge,ibavidgep2@marriott.com,Female,Twitterlist,Seixas,Research Associate
Davidson,Nealand,dnealandp3@yahoo.co.jp,Male,Skiptube,Labytnangi,VP Accounting
Anatole,McCrackan,amccrackanp4@163.com,Male,Kazio,Bereeda,Paralegal
Jerrilee,Loughan,jloughanp5@smugmug.com,Female,Tavu,Cape Town,Analyst Programmer
Asher,Kernley,akernleyp6@tamu.edu,Male,Mymm,Xamba,Account Coordinator
Godfree,Patley,gpatleyp7@angelfire.com,Male,Kwimbee,San Fernando,Analog Circuit Design manager
Russ,Goode,rgoodep8@gov.uk,Male,Voomm,Bielsk Podlaski,Social Worker
Eirena,Mattek,emattekp9@examiner.com,Female,Youfeed,Ochota,Dental Hygienist
Darrin,Haukey,dhaukeypa@clickbank.net,Male,Camimbo,Zhenziliang,Assistant Professor
Forrest,Willcox,fwillcoxpb@theglobeandmail.com,Male,Yombu,Suchy Dąb,Analog Circuit Design manager
Brier,Petrovykh,bpetrovykhpc@hatena.ne.jp,Female,Tagpad,Oranmore,Senior Editor
Andree,Eringey,aeringeypd@dyndns.org,Female,Riffpedia,Surin,Web Designer I
Nike,Mogenot,nmogenotpe@jigsy.com,Female,Skipstorm,Manisi,Senior Quality Engineer
Willi,Tynemouth,wtynemouthpf@psu.edu,Female,Jaxbean,Bárrio,Marketing Assistant
Perl,Goosnell,pgoosnellpg@java.com,Female,Meedoo,Pehčevo,Compensation Analyst
Isadora,Deaves,ideavesph@discovery.com,Female,Divavu,Columbus,Statistician II
Alwyn,Menghi,amenghipi@freewebs.com,Male,Gigashots,Grubišno Polje,Community Outreach Specialist
Cathee,Fulford,cfulfordpj@artisteer.com,Female,Twimm,Severskaya,Geologist I
Ondrea,Kik,okikpk@issuu.com,Female,Ntags,Adámas,Teacher
Ahmed,Hurtado,ahurtadopl@shinystat.com,Male,Jabberbean,Citatah Kaler,Developer II
Corbet,Sharrocks,csharrockspm@tuttocitta.it,Male,Shufflester,Bordeaux,Software Engineer IV
Haywood,McGoon,hmcgoonpn@unesco.org,Male,Jabberstorm,Jinshan,Tax Accountant
Ashlie,Tod,atodpo@surveymonkey.com,Female,Flipstorm,Shibajiazi,Business Systems Development Analyst
Alfred,Foxton,afoxtonpp@theglobeandmail.com,Male,Mymm,Heting,Dental Hygienist
Fredelia,Dick,fdickpq@slate.com,Female,Quimba,Limoeiro do Norte,Civil Engineer
Crin,Ettridge,cettridgepr@businessweek.com,Female,Ozu,Sobreda,Recruiting Manager
Wendell,Medlar,wmedlarps@youtu.be,Male,Oyoyo,Apóstoles,Accountant II
Felice,Degoey,fdegoeypt@4shared.com,Female,Thoughtbeat,Silvino Lobos,Design Engineer
Verge,Petters,vpetterspu@mapquest.com,Male,Yoveo,Oele,Business Systems Development Analyst
Dill,Whyler,dwhylerpv@freewebs.com,Male,Realmix,Hongqi,Senior Financial Analyst
Eyde,Dulen,edulenpw@indiegogo.com,Female,Trupe,Kwangmyŏng,Teacher
Lennard,Seakings,lseakingspx@devhub.com,Male,Myworks,Talshand,General Manager
Ogdan,Stappard,ostappardpy@histats.com,Male,Geba,Ocampo,Electrical Engineer
Rheba,Balsom,rbalsompz@tamu.edu,Female,LiveZ,Parczew,Senior Developer
Lesli,Urwen,lurwenq0@amazonaws.com,Female,Mudo,Shaxi,Quality Control Specialist
Kippy,Bausmann,kbausmannq1@yahoo.co.jp,Male,Brightbean,Kiruru,Senior Editor
Alma,Marcos,amarcosq2@engadget.com,Female,Blogtags,Langgapayung,Account Coordinator
Leandra,Topliss,ltoplissq3@hud.gov,Female,Skipfire,Västra Frölunda,Budget/Accounting Analyst III
Frankie,Wishkar,fwishkarq4@diigo.com,Female,Vipe,Ngou,Assistant Media Planner
Daune,Beebe,dbeebeq5@hexun.com,Female,Zoombox,Wuxi,Assistant Media Planner
Edyth,Mariyushkin,emariyushkinq6@adobe.com,Female,Jatri,Pran Buri,Paralegal
Judas,Southworth,jsouthworthq7@statcounter.com,Male,Trudoo,Valle de Ángeles,Internal Auditor
Aldridge,Weatherdon,aweatherdonq8@ucla.edu,Male,Buzzdog,Maqian,Teacher
Yul,Betton,ybettonq9@state.gov,Male,Meeveo,Tiron,Food Chemist
Brendis,Bazell,bbazellqa@networksolutions.com,Male,Twinder,San Benito,Mechanical Systems Engineer
Ford,Kennelly,fkennellyqb@stanford.edu,Male,Aimbo,Jiucheng,Sales Associate
Lonnie,Fahrenbach,lfahrenbachqc@google.it,Female,Blognation,Nové Strašecí,Recruiting Manager
Russell,Stretton,rstrettonqd@accuweather.com,Male,Ozu,Wuduhe,Project Manager
Cheston,Margram,cmargramqe@patch.com,Male,Topiczoom,San Andrés,Assistant Professor
Corty,Bradly,cbradlyqf@house.gov,Male,Vimbo,Xiping,Senior Editor
Elvyn,Philbrook,ephilbrookqg@sphinn.com,Male,Minyx,Zalishchyky,Web Designer IV
Joel,Earengey,jearengeyqh@archive.org,Male,Skivee,Leon,Health Coach I
Adriena,Roggieri,aroggieriqi@yahoo.co.jp,Female,Twitterwire,Gračac,VP Quality Control
Martino,Szubert,mszubertqj@webeden.co.uk,Male,Katz,Hainan,Quality Engineer
Ambrose,Ducarne,aducarneqk@tamu.edu,Male,Zoomzone,Bulag,Paralegal
Lennie,Dionsetto,ldionsettoql@themeforest.net,Male,Meejo,Canggetelo,Budget/Accounting Analyst I
Gabriello,Chartre,gchartreqm@admin.ch,Male,Devpoint,Tavira,Editor
Tate,Perigoe,tperigoeqn@hc360.com,Female,Wordpedia,Enyerhyetykaw,Social Worker
Gnni,Witherdon,gwitherdonqo@japanpost.jp,Female,Demivee,Sundbyberg,Account Representative I
Virgie,Tutchings,vtutchingsqp@t.co,Female,Twinte,Reckange-sur-Mess,Quality Control Specialist
Berny,Huggard,bhuggardqq@sogou.com,Female,Zoovu,Jesús Menéndez,Software Consultant
Garvin,Lighten,glightenqr@woothemes.com,Male,Brightbean,Barong,Software Test Engineer III
Marcie,Paradise,mparadiseqs@squidoo.com,Female,Babbleopia,Trondheim,Recruiter
Tuckie,Cornilleau,tcornilleauqt@ed.gov,Male,Vipe,Berëzovka,Assistant Professor
Fabiano,Idill,fidillqu@cmu.edu,Male,Realmix,São Carlos,Environmental Specialist
Gustav,Fearon,gfearonqv@biglobe.ne.jp,Male,Trilith,Santo Domingo Oeste,Director of Sales
Jacques,Pawlaczyk,jpawlaczykqw@mozilla.org,Male,Quinu,Zouiat ech Cheïkh,VP Product Management
Gerrard,Bonsul,gbonsulqx@wired.com,Male,Vimbo,Yanac,VP Quality Control
Gray,Bengtsen,gbengtsenqy@hexun.com,Male,Wikizz,Eskilstuna,Structural Engineer
Perla,Golden of Ireland,pgoldenofirelandqz@51.la,Female,Zoonoodle,Del Monte,Cost Accountant
Filberte,Hazelhurst,fhazelhurstr0@addtoany.com,Male,Voonte,Hexi,GIS Technical Architect
Inga,Magrannell,imagrannellr1@npr.org,Female,Quaxo,Hermoso Campo,Paralegal
Andros,Sutherns,asuthernsr2@amazonaws.com,Male,Photospace,Nishinoomote,Nurse
Lancelot,Keasy,lkeasyr3@mediafire.com,Male,Dabshots,Limeiras,Human Resources Manager
Cynthea,Eisig,ceisigr4@blinklist.com,Female,Voolith,Ngluwuk,Budget/Accounting Analyst II
Janeva,Aldin,jaldinr5@chron.com,Female,Linktype,Wuku,Tax Accountant
Christoforo,Herreros,cherrerosr6@businessweek.com,Male,Gevee,Karangsumber,Project Manager
Hester,Liggens,hliggensr7@earthlink.net,Female,Eare,Francisco Villa,Associate Professor
Inglis,Erbe,ierber8@tripod.com,Male,Gigashots,Sasolburg,Quality Control Specialist
Kelly,Itscovitz,kitscovitzr9@printfriendly.com,Female,Demimbu,Pop,VP Sales
Burgess,Carnalan,bcarnalanra@live.com,Male,Innojam,Vân Canh,Actuary
Shirley,Kinglesyd,skinglesydrb@nbcnews.com,Female,Lazz,El Mirador,Financial Advisor
Skylar,Andresen,sandresenrc@umich.edu,Male,Babblestorm,Budakovo,Biostatistician III
Stanton,Trenbay,strenbayrd@jigsy.com,Male,Ainyx,Milwaukee,Human Resources Assistant III
Marilyn,Creigan,mcreiganre@over-blog.com,Female,Trupe,Tanumshede,Structural Analysis Engineer
Geordie,Ciccottini,gciccottinirf@toplist.cz,Male,Wordtune,Lillooet,Account Coordinator
Trace,MacTerrelly,tmacterrellyrg@nyu.edu,Male,Devcast,Juyuan,Project Manager
Basil,Rockliffe,brocklifferh@behance.net,Male,Skajo,Bunol,Actuary
Floria,Lardeux,flardeuxri@discovery.com,Female,Gabtune,Minuyan,Automation Specialist III
Kakalina,Jancik,kjancikrj@microsoft.com,Female,Gabvine,Périgueux,Account Coordinator
Micheil,Duckit,mduckitrk@cnn.com,Male,Kwinu,Youzai,Physical Therapy Assistant
Theo,Bramble,tbramblerl@pbs.org,Male,Gabvine,Dibba Al-Fujairah,Marketing Manager
Bradley,Warr,bwarrrm@time.com,Male,Jaxspan,Yangfang,Environmental Tech
Bryn,Sier,bsierrn@exblog.jp,Male,Gabspot,Mitzpe Ramon,Assistant Media Planner
Abbie,Guttridge,aguttridgero@jugem.jp,Female,Browseblab,Gadžin Han,Computer Systems Analyst III
Darci,Plaschke,dplaschkerp@ameblo.jp,Female,Yambee,Mników,Social Worker
Daphne,Gregolotti,dgregolottirq@youtu.be,Female,Skiba,Tsaritsyno,Safety Technician IV
Jewelle,Taks,jtaksrr@hc360.com,Female,Flashspan,Lupak,General Manager
