Gibbie,Witherop,gwitherop0@nasa.gov,Male,Jazzy,Aihua,Civil Engineer
Wright,Udden,wudden1@google.co.uk,Male,Gabcube,Xiangzhou,Recruiting Manager
Horace,Dudney,hdudney2@ed.gov,Male,Roodel,Tomaszów Lubelski,Librarian
Marsh,Jent,mjent3@cornell.edu,Male,Tagfeed,Riachão das Neves,Internal Auditor
Aida,VanBrugh,avanbrugh4@artisteer.com,Female,Voomm,Jiangchuanlu,Clinical Specialist
Pall,Gerardet,pgerardet5@archive.org,Male,Thoughtblab,Villa Altagracia,Administrative Officer
Halie,Kohlert,hkohlert6@com.com,Female,JumpXS,Bélabo,Financial Analyst
Nyssa,Sadlier,nsadlier7@constantcontact.com,Female,Thoughtbeat,Renhe,Senior Editor
Edythe,Daveran,edaveran8@ebay.co.uk,Female,Cogidoo,Sayang Lauq,Structural Engineer
Syd,Fursland,sfursland9@youtu.be,Male,Thoughtblab,Bojong,Senior Sales Associate
Den,Dowthwaite,ddowthwaitea@irs.gov,Male,Voonix,San Nicolas,Recruiting Manager
Erica,Nortunen,enortunenb@nba.com,Female,Fivechat,Situsari,Media Manager II
Giacopo,Boorn,gboornc@people.com.cn,Male,Browsecat,Mayenne,Tax Accountant
Merwin,Hesser,mhesserd@disqus.com,Male,Browsebug,New Panamao,Information Systems Manager
Wendell,Dilleston,wdillestone@yelp.com,Male,DabZ,Jinhe,Help Desk Technician
Sayres,Jodrelle,sjodrellef@cdc.gov,Male,Gabtype,Rende,Technical Writer
Jarvis,Jewess,jjewessg@businessweek.com,Male,Centidel,Linëvo,Graphic Designer
Lane,Gorini,lgorinih@senate.gov,Female,Browsetype,Stockholm,Operator
June,Drogan,jdrogani@bloglovin.com,Female,Yambee,Mweka,Accountant III
Robinette,Culter,rculterj@harvard.edu,Female,Bubblemix,Honolulu,Accounting Assistant I
Kally,Firk,kfirkk@free.fr,Female,Feedfish,Tanniu,Nuclear Power Engineer
Karlan,Glantz,kglantzl@sciencedirect.com,Male,Roodel,Zhongxinqiao,Software Consultant
Ebony,Mashro,emashrom@google.com.au,Female,Myworks,Xiniqi,Senior Cost Accountant
Sutherland,Grimsdith,sgrimsdithn@cargocollective.com,Male,Riffpath,Labuhantanggabesar,Software Consultant
Guendolen,Cowdery,gcowderyo@bizjournals.com,Female,Midel,Ząbkowice Śląskie,Geologist II
Madison,Chat,mchatp@tripadvisor.com,Male,Browsezoom,‘Uzeir,Senior Cost Accountant
Gabrielle,Bridewell,gbridewellq@creativecommons.org,Female,Wordware,Jianxin,Sales Associate
Maxy,Walaron,mwalaronr@hugedomains.com,Female,Rhynoodle,Ust’-Kachka,Account Representative II
Virgilio,Brunn,vbrunns@blinklist.com,Male,Aivee,Taquarituba,Account Executive
Leanna,Daine,ldainet@geocities.jp,Female,Yamia,Huangni,Help Desk Operator
Adrianne,Raddan,araddanu@state.tx.us,Female,Trupe,Jiuhua,Recruiting Manager
Jyoti,Kidman,jkidmanv@cbsnews.com,Female,Skyble,Pinggirsari,Marketing Assistant
Raquel,McKintosh,rmckintoshw@fema.gov,Female,Yakitri,Tangchi,Research Assistant III
Skelly,Scroxton,sscroxtonx@google.de,Male,Pixope,Sumberagung,Software Test Engineer II
Brunhilda,Parkyns,bparkynsy@instagram.com,Female,Topicware,Périgny,Compensation Analyst
Elisabet,Faich,efaichz@squarespace.com,Female,Oyope,Emiliano Zapata,Office Assistant IV
Aloysius,Keane,akeane10@paypal.com,Male,Browsedrive,Nurlat,Quality Control Specialist
Keefer,Quan,kquan11@unc.edu,Male,Ozu,Shalqīya,Paralegal
Kessiah,Koch,kkoch12@comcast.net,Female,Quimm,Pondoktelo,VP Product Management
Charlot,Peregrine,cperegrine13@nsw.gov.au,Female,Buzzster,Cumanayagua,Registered Nurse
Pren,Vasilkov,pvasilkov14@netlog.com,Male,Quaxo,Dayeuhluhur,Community Outreach Specialist
Forest,Yoselevitch,fyoselevitch15@lulu.com,Male,Jatri,Šumperk,Research Associate
Ajay,Vokes,avokes16@dagondesign.com,Female,Brainlounge,Albion,Chief Design Engineer
Ulrike,Seamer,useamer17@toplist.cz,Female,Innojam,Manika,VP Sales
Cherri,Hardage,chardage18@mysql.com,Female,Camido,Kozy,Teacher
Moise,Rugg,mrugg19@hostgator.com,Male,Tazzy,Garango,Director of Sales
Carola,Khilkov,ckhilkov1a@samsung.com,Female,Voolith,Hedong,Account Coordinator
Nonnah,Hopfner,nhopfner1b@plala.or.jp,Female,Mynte,Fukou,Staff Scientist
Jermayne,Lowdyane,jlowdyane1c@ca.gov,Male,Divanoodle,Pajung,VP Accounting
Ber,Senussi,bsenussi1d@prlog.org,Male,Jatri,Uluale,Product Engineer
Allegra,Bortolozzi,abortolozzi1e@so-net.ne.jp,Female,Zoonder,Marmárion,Accounting Assistant I
Ethelyn,Farenden,efarenden1f@gmpg.org,Female,Pixoboo,Cimenga,Systems Administrator III
Bobette,Pearse,bpearse1g@mit.edu,Female,Ainyx,Kourou,Automation Specialist III
Deb,Brougham,dbrougham1h@goodreads.com,Female,Tazz,Syriam,Project Manager
Judd,Feakins,jfeakins1i@pen.io,Male,Thoughtbridge,Ugljevik,Desktop Support Technician
Jared,Hintze,jhintze1j@issuu.com,Male,Rhycero,Bumirejo,Operator
Vania,Bathoe,vbathoe1k@deliciousdays.com,Female,Centimia,Liperi,Research Associate
Adelice,Skaid,askaid1l@pbs.org,Female,Flashdog,Bojongloa,Design Engineer
Corny,Baigent,cbaigent1m@joomla.org,Female,Devshare,Muzaffargarh,Chief Design Engineer
Carmencita,Andre,candre1n@amazon.de,Female,Skynoodle,Ifakara,Tax Accountant
Ferrel,Brodie,fbrodie1o@slashdot.org,Male,Jazzy,Pamoyanan,Staff Scientist
Antonino,Barwood,abarwood1p@example.com,Male,Skilith,Xam Nua,VP Marketing
Jess,Heatherington,jheatherington1q@deliciousdays.com,Female,Brainsphere,Xinhua,Civil Engineer
Clywd,Howgate,chowgate1r@netscape.com,Male,Jatri,Vágia,Nurse
Krishnah,Burtonwood,kburtonwood1s@angelfire.com,Male,Skinix,Mtsensk,Paralegal
Alvina,Lafranconi,alafranconi1t@msn.com,Female,Quimm,Altos,Junior Executive
Nap,Ivankin,nivankin1u@twitpic.com,Male,Voomm,Hienghène,Recruiting Manager
Quintina,Hatje,qhatje1v@shinystat.com,Female,Oyonder,Baras,VP Marketing
Joaquin,Sauniere,jsauniere1w@statcounter.com,Male,Demimbu,Washington,Compensation Analyst
Chip,McBeth,cmcbeth1x@macromedia.com,Male,Linktype,Basa,Clinical Specialist
Sonnie,Slisby,sslisby1y@whitehouse.gov,Female,Oozz,Arcachon,Electrical Engineer
Bevon,Schruyers,bschruyers1z@com.com,Male,Jamia,Turkestan,Health Coach II
Hillel,Counihan,hcounihan20@mozilla.com,Male,Meeveo,Maradi,Senior Financial Analyst
Zenia,Kix,zkix21@independent.co.uk,Female,Plambee,Tiglauigan,Administrative Assistant I
Agna,Eadie,aeadie22@vkontakte.ru,Female,Agimba,Chaem Luang,Web Developer I
Selena,Lainton,slainton23@cbsnews.com,Female,Thoughtstorm,Hongqiao,Associate Professor
Bren,Harteley,bharteley24@oracle.com,Male,Photolist,Nanyang,Senior Editor
Erwin,Sillis,esillis25@nature.com,Male,Teklist,Dukhovshchina,Sales Associate
Silvain,Standen,sstanden26@jimdo.com,Male,Wikibox,Vári,Information Systems Manager
Danyette,Seabrooke,dseabrooke27@gov.uk,Female,Voonte,Ängelholm,Nurse Practicioner
Paula,Siggens,psiggens28@furl.net,Female,Trilia,Profítis Ilías,Assistant Manager
Perry,Digle,pdigle29@fotki.com,Female,Digitube,Qiaolin,Information Systems Manager
Pepi,Vasilevich,pvasilevich2a@symantec.com,Female,Wordpedia,Jiancheng,Nurse Practicioner
Parsifal,Rameaux,prameaux2b@de.vu,Male,Pixonyx,Umeå,Senior Quality Engineer
Luigi,Rowet,lrowet2c@amazon.com,Male,Yodoo,Brikama,Dental Hygienist
Lemmie,Fealty,lfealty2d@privacy.gov.au,Male,Flipbug,Hengjie,VP Marketing
Xerxes,Shenley,xshenley2e@domainmarket.com,Male,Gigashots,Arari,Senior Cost Accountant
Alberik,Hutten,ahutten2f@about.com,Male,Oyondu,Beigou,Graphic Designer
Reeba,Parkin,rparkin2g@yellowpages.com,Female,Skivee,Cimo de Vila,Web Designer IV
Caren,Ainsbury,cainsbury2h@sourceforge.net,Female,Ntags,Saratov,Developer II
Vanya,Vescovo,vvescovo2i@ed.gov,Male,Vinder,Des Moines,Internal Auditor
Cinnamon,MacGinley,cmacginley2j@ask.com,Female,Livefish,Carmen,VP Marketing
Jessica,Tiesman,jtiesman2k@redcross.org,Female,Youopia,Senggapi,Director of Sales
Charlene,Finlow,cfinlow2l@cnbc.com,Female,Skipstorm,Mendoza,Account Coordinator
Malanie,Bentzen,mbentzen2m@dailymotion.com,Female,Yabox,Konggar,Database Administrator II
Lenka,Farmer,lfarmer2n@scribd.com,Female,Browsebug,Tirah,Biostatistician III
Elwin,Delph,edelph2o@icio.us,Male,Lajo,Jijiang,Quality Control Specialist
Marylynne,Ianetti,mianetti2p@virginia.edu,Female,Babbleopia,Horní Čermná,Dental Hygienist
Sydney,Casine,scasine2q@mysql.com,Female,Skipstorm,Cabo,Sales Associate
Trueman,Tomkins,ttomkins2r@unblog.fr,Male,Eire,Koronadal,Administrative Officer
Ravid,Pepperd,rpepperd2s@google.fr,Male,Katz,Centre de Flacq,Nurse
Mortie,Konzel,mkonzel2t@ezinearticles.com,Male,Npath,Oklahoma City,Legal Assistant
Clemmie,Eddins,ceddins2u@blogs.com,Female,Bubblebox,Hampton,General Manager
Walker,Trayton,wtrayton2v@twitter.com,Male,Youopia,Ravānsar,Editor
Sawyere,Gaber,sgaber2w@soundcloud.com,Male,Photofeed,Schiedam postbusnummers,Administrative Officer
Christiana,Glasscock,cglasscock2x@linkedin.com,Female,Pixonyx,Guamal,Programmer IV
Darill,Gurwood,dgurwood2y@amazon.co.uk,Male,Youspan,Xiaojia,VP Quality Control
Mirelle,Sanpher,msanpher2z@macromedia.com,Female,Midel,Tocha,Dental Hygienist
Korry,Dikels,kdikels30@domainmarket.com,Female,Jabberbean,La Virgen,Human Resources Assistant II
Elisha,Telezhkin,etelezhkin31@ihg.com,Male,Voomm,Junqueiro,Accounting Assistant II
Ingar,Sibille,isibille32@cdbaby.com,Male,Babbleopia,Chengmen,Financial Advisor
Tannie,Francom,tfrancom33@ovh.net,Male,Katz,Bom Jesus do Itabapoana,Librarian
Deina,Tuttiett,dtuttiett34@deviantart.com,Female,Jabbercube,Borås,Internal Auditor
Kay,Filler,kfiller35@chronoengine.com,Female,Kazio,Lučko,Marketing Manager
Nettie,Castelain,ncastelain36@mtv.com,Female,Quaxo,Fraga,Actuary
Neil,Cattonnet,ncattonnet37@lulu.com,Male,Katz,Hilotongan,Compensation Analyst
Sula,Chestnutt,schestnutt38@hao123.com,Female,Avamba,Lille,Research Nurse
Brandy,Antat,bantat39@google.ru,Male,Gigabox,Xushan,Clinical Specialist
Jefferson,Leynagh,jleynagh3a@foxnews.com,Male,Dynabox,Landskrona,Nurse
Noella,Domeney,ndomeney3b@yahoo.co.jp,Female,Realmix,Volodymyrets’,Engineer IV
Gloriana,Oakenfield,goakenfield3c@bravesites.com,Female,Dabvine,Rumat Heib,Help Desk Operator
Elfreda,Splain,esplain3d@cdc.gov,Female,Twiyo,Estacion,Financial Advisor
Berny,Tumilty,btumilty3e@patch.com,Male,Gabspot,Medina Estates,Human Resources Manager
Warren,Pearn,wpearn3f@hp.com,Male,Roombo,Nyazura,Administrative Officer
Jacquelin,Woodnutt,jwoodnutt3g@sogou.com,Female,Quimm,Gävle,Marketing Assistant
Hyacinth,Blackah,hblackah3h@com.com,Female,Meevee,Stockholm,Operator
Gunilla,Raithby,graithby3i@youtube.com,Female,Tanoodle,Dijon,Account Representative IV
Dotty,Jillard,djillard3j@trellian.com,Female,Mybuzz,Wolbrom,Environmental Tech
Hardy,Klyner,hklyner3k@example.com,Male,Livepath,Al Jafr,Occupational Therapist
Marilin,Vlasenkov,mvlasenkov3l@marketwatch.com,Female,Fadeo,Araxá,Chemical Engineer
Felita,Burkett,fburkett3m@delicious.com,Female,Devbug,Jianghua,Media Manager IV
Henrie,Whitford,hwhitford3n@cdc.gov,Female,Brainsphere,Mato Cheirinhos,Structural Engineer
Blake,Tomisch,btomisch3o@sphinn.com,Female,Oloo,Tāfuna,Cost Accountant
Maria,Chattelaine,mchattelaine3p@bluehost.com,Female,Muxo,Ban Phai,Operator
Mendie,Blazewski,mblazewski3q@apache.org,Male,Yadel,Itinga,Account Coordinator
Jody,Bloor,jbloor3r@oracle.com,Male,Leenti,Kota Bharu,Physical Therapy Assistant
Fraser,Zappel,fzappel3s@google.it,Male,Meevee,Owo,Occupational Therapist
Shaun,Lasham,slasham3t@bloglovin.com,Male,Edgetag,Sanjia,Senior Developer
Nixie,Tildesley,ntildesley3u@theatlantic.com,Female,Devify,Courelas Bravas,Teacher
Lisle,Whaplington,lwhaplington3v@soundcloud.com,Male,Meetz,São Lourenço de Mamporcão,Recruiter
Goddart,MacAskill,gmacaskill3w@mit.edu,Male,Skidoo,Ikryanoye,Automation Specialist III
Carrol,Greason,cgreason3x@amazon.de,Male,Yotz,Remscheid,Social Worker
Levon,Cullen,lcullen3y@oakley.com,Male,Kayveo,Uman’,Junior Executive
Lemmie,Overell,loverell3z@cnbc.com,Male,Gigazoom,Nizhnekamsk,Electrical Engineer
Tersina,Downing,tdowning40@123-reg.co.uk,Female,Thoughtworks,Rabat,Programmer Analyst I
Sheilah,Germaine,sgermaine41@webnode.com,Female,Brightdog,Minūf,Administrative Officer
Derick,Thomke,dthomke42@instagram.com,Male,Devpulse,Szydłowo,Design Engineer
Josie,Winwood,jwinwood43@ibm.com,Female,Miboo,Laon,Help Desk Technician
Gottfried,Shurmore,gshurmore44@ibm.com,Male,Wikido,Baiyan,Senior Quality Engineer
Meaghan,Pennetti,mpennetti45@economist.com,Female,Yombu,Wujia,Internal Auditor
Jameson,Burghill,jburghill46@soup.io,Male,Livetube,Rezh,Human Resources Assistant I
Broderic,Kearn,bkearn47@imageshack.us,Male,Layo,Purwojoyo,Product Engineer
Dwayne,Attaway,dattaway48@noaa.gov,Male,Feedfish,Reforma,Director of Sales
Bord,Hefford,bhefford49@odnoklassniki.ru,Male,Edgetag,Carauari,Programmer II
Micah,Strong,mstrong4a@etsy.com,Male,Tavu,Gali,Web Developer I
Melisande,Szubert,mszubert4b@timesonline.co.uk,Female,Avamm,Rzozów,Recruiting Manager
Berkeley,Vogt,bvogt4c@prnewswire.com,Male,Edgewire,Chernogorsk,Marketing Assistant
Crichton,Commander,ccommander4d@lycos.com,Male,Babbleset,Tarīm,VP Product Management
Corrie,Fairest,cfairest4e@usatoday.com,Male,Vimbo,Verkhnya Syrovatka,Media Manager III
Thatcher,Lamey,tlamey4f@woothemes.com,Male,Quinu,Kaliningrad,Associate Professor
Thatch,Casaro,tcasaro4g@answers.com,Male,Feedbug,Banjar Tiga,Analog Circuit Design manager
Hazlett,Fears,hfears4h@wunderground.com,Male,Quire,Candoni,Software Engineer III
Bernice,Shankster,bshankster4i@comsenz.com,Female,Photobug,Gunung Talang,Dental Hygienist
Wilfrid,Mowsdell,wmowsdell4j@icq.com,Male,Yakitri,Znamenskoye,Social Worker
Estell,Whymark,ewhymark4k@opensource.org,Female,Zoomlounge,Haumeni,Structural Engineer
Damien,Duprey,dduprey4l@homestead.com,Male,Eimbee,Teresita,Health Coach I
Bambie,Lydster,blydster4m@homestead.com,Female,Muxo,Mawu,Staff Accountant IV
Dare,Lapides,dlapides4n@patch.com,Male,Feedfish,Lennec,Registered Nurse
Kerstin,Jedrzejczak,kjedrzejczak4o@dot.gov,Female,Thoughtblab,Ágios Andréas,Tax Accountant
Aylmar,Corley,acorley4p@webeden.co.uk,Male,Quatz,Verkhozim,Food Chemist
Pietra,Dorman,pdorman4q@thetimes.co.uk,Female,Bubblebox,Tiko,Occupational Therapist
Lucita,Lehrer,llehrer4r@stumbleupon.com,Female,Avamm,Palaiomonástiron,Payment Adjustment Coordinator
Paola,Fliege,pfliege4s@tinypic.com,Female,Oozz,Atlanta,Help Desk Technician
Kathi,Joblin,kjoblin4t@php.net,Female,Dynabox,Hanamaki,Legal Assistant
Marna,Yockney,myockney4u@prnewswire.com,Female,Yotz,Seattle,Sales Associate
Bondy,Conti,bconti4v@nyu.edu,Male,Ooba,Qinggang,Electrical Engineer
Emmeline,Trussell,etrussell4w@digg.com,Female,Linklinks,Chengfeng,Associate Professor
Wildon,Maceur,wmaceur4x@ft.com,Male,Zooxo,Toyonaka,Mechanical Systems Engineer
Othella,Janecek,ojanecek4y@vk.com,Female,Bubblebox,Banatska Topola,Chemical Engineer
Legra,Delacoste,ldelacoste4z@google.pl,Female,Quamba,Ganné Tiqwa,GIS Technical Architect
Heidi,Danilovitch,hdanilovitch50@themeforest.net,Female,Mymm,Gardēz,Research Nurse
Moises,Younge,myounge51@friendfeed.com,Male,Lazzy,Rancaerang,Pharmacist
Darlene,Betje,dbetje52@hugedomains.com,Female,Topdrive,Dobryanka,Pharmacist
Cate,Jolliff,cjolliff53@paypal.com,Female,Devbug,Namie,Design Engineer
Lannie,Mifflin,lmifflin54@imageshack.us,Male,Mynte,Cartago,Internal Auditor
Jocelyne,Chatwood,jchatwood55@sourceforge.net,Female,Photojam,Além,General Manager
Rip,Holstein,rholstein56@census.gov,Male,Eayo,Guandu,Analog Circuit Design manager
Juline,Godart,jgodart57@cdbaby.com,Female,Babbleset,Konin,Cost Accountant
Terrell,McKibbin,tmckibbin58@ovh.net,Male,Meeveo,Kaset Wisai,Nurse Practicioner
Gayler,Monckton,gmonckton59@ucla.edu,Male,Thoughtstorm,Kāleke Mandi,Senior Editor
Juieta,Babbidge,jbabbidge5a@seattletimes.com,Female,BlogXS,Pashiya,Speech Pathologist
Ichabod,Pestell,ipestell5b@jalbum.net,Male,Wordpedia,Colesberg,Chief Design Engineer
Thia,Abbatucci,tabbatucci5c@google.com,Female,Brightdog,Wulan Haye,VP Quality Control
Lucia,Ferrero,lferrero5d@paypal.com,Female,Edgeblab,Inkerman,GIS Technical Architect
Aubert,Crippell,acrippell5e@booking.com,Male,Feedfire,Colorado Springs,Professor
Melantha,Keely,mkeely5f@google.pl,Female,Quatz,Mégara,Web Designer IV
Chris,Davers,cdavers5g@dyndns.org,Male,Yodoo,Chekmagush,Business Systems Development Analyst
Belle,Keeffe,bkeeffe5h@reference.com,Female,Oyonder,Capelinha,Budget/Accounting Analyst I
Cecil,Shelbourne,cshelbourne5i@webeden.co.uk,Male,Gabvine,Aknīste,Payment Adjustment Coordinator
Joly,Biset,jbiset5j@photobucket.com,Female,Trudeo,Kedungcangkring,Sales Associate
Brett,Ghidoni,bghidoni5k@cdbaby.com,Male,Bubblebox,Cilegi,Compensation Analyst
Saxe,Reedick,sreedick5l@sourceforge.net,Male,Meemm,Niedźwiada,Senior Cost Accountant
Nickolas,Late,nlate5m@vk.com,Male,Gabtune,Ciilat,Professor
Sheff,O'Tierney,sotierney5n@jugem.jp,Male,Rhynoodle,Shuangxi,Clinical Specialist
Horatius,Frandsen,hfrandsen5o@biblegateway.com,Male,Riffpath,Maisons-Laffitte,Registered Nurse
Adara,Domone,adomone5p@amazon.de,Female,Eayo,Al Qārah,Recruiting Manager
Vicky,Chess,vchess5q@unblog.fr,Female,Meembee,Aguiar da Beira,Automation Specialist IV
Jeffy,McDirmid,jmcdirmid5r@fotki.com,Male,Kaymbo,Lubao,Human Resources Manager
Melva,Selvester,mselvester5s@comcast.net,Female,Edgeclub,Lamalera,Account Coordinator
Finley,Brede,fbrede5t@soundcloud.com,Male,Zooveo,Littleton,Chemical Engineer
Deane,Dinse,ddinse5u@boston.com,Male,Jaxnation,Vårgårda,Senior Developer
Ginelle,Aldrich,galdrich5v@oaic.gov.au,Female,Quaxo,Quezon,VP Marketing
Derk,Verrick,dverrick5w@ca.gov,Male,Gabvine,Wuma,Senior Cost Accountant
Ivie,Pentycost,ipentycost5x@canalblog.com,Female,Kazio,Temizhbekskaya,Quality Control Specialist
Cindelyn,Dunston,cdunston5y@yahoo.com,Female,Demimbu,Ningmute,Software Consultant
Katheryn,Tite,ktite5z@nih.gov,Female,Fatz,Västerås,VP Product Management
Kally,Duligall,kduligall60@storify.com,Female,Devcast,Osiedle-Nowiny,Occupational Therapist
Sharon,Otley,sotley61@theglobeandmail.com,Female,Gigabox,Botao,Account Executive
Maisey,Speechley,mspeechley62@cisco.com,Female,Linklinks,Yaurisque,Office Assistant II
Gunner,Hambric,ghambric63@nps.gov,Male,Tavu,Killarney,Biostatistician I
Adey,Chamberlin,achamberlin64@list-manage.com,Female,Dablist,Trondheim,Business Systems Development Analyst
Aundrea,Elintune,aelintune65@icq.com,Female,Mudo,Pishaj,Speech Pathologist
Fern,Siggery,fsiggery66@bing.com,Female,Janyx,Langnga,Human Resources Manager
Hadley,Blythin,hblythin67@usgs.gov,Male,Dabjam,Bol’shoye Selo,Staff Accountant III
Guido,Sainsberry,gsainsberry68@chron.com,Male,Quimba,Aracaju,Staff Accountant IV
Chaim,Dye,cdye69@diigo.com,Male,Quinu,Bahía Honda,Operator
Kimberley,Gayton,kgayton6a@tinyurl.com,Female,Thoughtstorm,Norrköping,Quality Engineer
Fanchette,Lideard,flideard6b@wikipedia.org,Female,Devify,Hallstahammar,Human Resources Assistant I
Ernesta,Favelle,efavelle6c@ed.gov,Female,Voolith,Qalaikhumb,VP Sales
Anette,Ferraraccio,aferraraccio6d@blog.com,Female,Kayveo,Mahuta,Nurse Practicioner
Ulrike,Dykes,udykes6e@ycombinator.com,Female,Ainyx,Tianxingchang,Financial Analyst
Olia,Daubeny,odaubeny6f@narod.ru,Female,Trupe,Polje,Structural Analysis Engineer
Felice,Jerdon,fjerdon6g@com.com,Male,Oozz,Grenoble,Research Nurse
Murry,Dewane,mdewane6h@plala.or.jp,Male,Fivespan,Fresnes,Database Administrator III
Thomasin,Yerrington,tyerrington6i@sun.com,Female,Voomm,Huaguo,Assistant Professor
Robenia,Yerrell,ryerrell6j@slate.com,Female,Dynava,Nebug,Geological Engineer
Ker,Lovelady,klovelady6k@nps.gov,Male,Buzzster,Verkhniy Yasenov,General Manager
Ike,Penney,ipenney6l@merriam-webster.com,Male,Flashdog,Mhlume,Assistant Media Planner
Cortney,Bremner,cbremner6m@studiopress.com,Female,Leexo,Sindangjawa,Biostatistician III
Jarvis,Chattaway,jchattaway6n@unc.edu,Male,Twitterlist,Huntington,Speech Pathologist
Dusty,Samwaye,dsamwaye6o@fotki.com,Female,Realcube,Lhasa,Senior Financial Analyst
Elsey,Bazely,ebazely6p@elegantthemes.com,Female,Rooxo,Dayanggezhuang,VP Accounting
Vince,Heindle,vheindle6q@biglobe.ne.jp,Male,Katz,Lyon,Internal Auditor
Percival,Breckell,pbreckell6r@walmart.com,Male,Quire,Corpus Christi,Operator
Em,Roly,eroly6s@devhub.com,Male,Edgetag,Randfontein,Environmental Tech
Micheil,McPhilip,mmcphilip6t@unesco.org,Male,Zoonder,Ibrā’,Associate Professor
Cordelie,Whitfeld,cwhitfeld6u@unesco.org,Female,Shufflester,Olesno,Administrative Officer
Harmonie,Kearton,hkearton6v@dailymail.co.uk,Female,Ozu,Kyaikkami,Help Desk Technician
Nydia,Giffon,ngiffon6w@mediafire.com,Female,Ozu,Luyang,Analyst Programmer
Erich,Rhoddie,erhoddie6x@ibm.com,Male,Bubbletube,Memphis,Director of Sales
Melisandra,MacGowing,mmacgowing6y@goodreads.com,Female,Wikido,Kubangkondang,Legal Assistant
Wells,Vernay,wvernay6z@pcworld.com,Male,Edgeclub,Rosmalen,VP Sales
Kamila,Pund,kpund70@ycombinator.com,Female,Buzzster,Nālchiti,Associate Professor
Joshia,Blanchflower,jblanchflower71@mapquest.com,Male,Snaptags,Misungwi,Recruiting Manager
Udell,Butten,ubutten72@cyberchimps.com,Male,Bluejam,Koltushi,Human Resources Manager
Montgomery,McAusland,mmcausland73@ow.ly,Male,Gabcube,Luján,Human Resources Assistant III
Sophronia,Gorini,sgorini74@themeforest.net,Female,Edgeclub,Newport News,Senior Sales Associate
Marijo,Nabarro,mnabarro75@mapy.cz,Female,Eabox,Uwa,Analyst Programmer
Gabriellia,Diack,gdiack76@acquirethisname.com,Female,Aimbo,Söderhamn,Junior Executive
Durante,Keefe,dkeefe77@ezinearticles.com,Male,Babblestorm,Spassk,Senior Quality Engineer
Thedrick,Gilding,tgilding78@hugedomains.com,Male,Topdrive,Esmeraldas,Payment Adjustment Coordinator
Jeanine,Lighterness,jlighterness79@facebook.com,Female,Mymm,Mengjia,Environmental Tech
Alisa,Paver,apaver7a@google.co.jp,Female,Fivebridge,Évosmos,Human Resources Assistant III
Mayor,Pawlicki,mpawlicki7b@loc.gov,Male,Kaymbo,Tuochuan,Administrative Officer
Alexandra,Itscowicz,aitscowicz7c@mayoclinic.com,Female,Brainbox,Almeirim,Web Developer III
Kasey,Alderson,kalderson7d@examiner.com,Female,Gevee,Kīevka,Quality Engineer
Querida,Penna,qpenna7e@prlog.org,Female,Plambee,Tanjungsari Barat,Staff Scientist
Genia,Birkinshaw,gbirkinshaw7f@time.com,Female,Camido,Chenjiaba,Programmer II
Gussie,Bonnick,gbonnick7g@ameblo.jp,Female,Innojam,Cheongsong gun,Speech Pathologist
Carolin,Doby,cdoby7h@nationalgeographic.com,Female,Jaxbean,Ntoke,Information Systems Manager
Casi,Primarolo,cprimarolo7i@abc.net.au,Female,Tagpad,Shakīso,Speech Pathologist
Stacee,Bruhnicke,sbruhnicke7j@sina.com.cn,Male,Centimia,Petani,Financial Analyst
Jillie,Stonman,jstonman7k@examiner.com,Female,Feedmix,New Sibonga,Graphic Designer
Skippie,Brawley,sbrawley7l@freewebs.com,Male,Skimia,Baranoa,Automation Specialist I
Adrian,Cornew,acornew7m@google.com.au,Male,Einti,Gejiu,Senior Sales Associate
Frederico,Cullrford,fcullrford7n@wp.com,Male,Ainyx,Amieiro,Help Desk Technician
Dom,Lillgard,dlillgard7o@aol.com,Male,BlogXS,Puerto Plata,Programmer III
Binnie,Raw,braw7p@house.gov,Female,Dabvine,Senduro,Software Test Engineer III
Victor,Bushby,vbushby7q@devhub.com,Male,Youopia,Halden,VP Product Management
Silvie,Casillas,scasillas7r@soup.io,Female,Kwilith,Suresnes,Nurse
Ruth,Cammocke,rcammocke7s@networksolutions.com,Female,Yodel,Kalmunai,Teacher
Christopher,Moughtin,cmoughtin7t@amazon.co.uk,Male,Chatterpoint,Vila Nova de Santo André,Mechanical Systems Engineer
Benoite,Rable,brable7u@disqus.com,Female,Twitterbeat,Majennang,Analog Circuit Design manager
Thatcher,Ashforth,tashforth7v@gmpg.org,Male,Midel,Qianzhou,Marketing Manager
Cornelius,Duchesne,cduchesne7w@theglobeandmail.com,Male,Buzzdog,Shahr-e Qods,Engineer III
Shellie,Bonhill,sbonhill7x@mail.ru,Female,Gabtune,Palena,Geological Engineer
Artemas,Herrema,aherrema7y@cloudflare.com,Male,Buzzster,Ponong,Senior Sales Associate
Kristyn,Frear,kfrear7z@behance.net,Female,Meejo,Paulba,Business Systems Development Analyst
Haslett,Saywell,hsaywell80@indiatimes.com,Male,Youfeed,El Llano,VP Product Management
Osmund,Bragg,obragg81@sciencedirect.com,Male,Feedbug,Nanxi,Financial Advisor
Galven,Screen,gscreen82@japanpost.jp,Male,Topicware,Yuyue,Research Associate
Emmott,Kennler,ekennler83@reuters.com,Male,Yakijo,Saltsjöbaden,Analog Circuit Design manager
Inna,Jovic,ijovic84@digg.com,Female,Yakidoo,Żarki,Account Coordinator
Rutter,Gatiss,rgatiss85@yale.edu,Male,Fanoodle,Cabalaoangan,Computer Systems Analyst I
Holly-anne,MacPharlain,hmacpharlain86@oakley.com,Female,Tagchat,Sukogunungkrajan,Safety Technician I
Kearney,Lemerie,klemerie87@fastcompany.com,Male,Flashdog,Barrancabermeja,Recruiter
Nanny,Gregoli,ngregoli88@xrea.com,Female,Kwilith,Shchelkovo,Junior Executive
Judon,Cranney,jcranney89@si.edu,Male,Skimia,Xin’an,Dental Hygienist
Alyss,Glisane,aglisane8a@dailymail.co.uk,Female,Jetwire,General Luna,Recruiter
Kermy,Birtchnell,kbirtchnell8b@desdev.cn,Male,Edgepulse,Komono,Editor
Cathe,Anespie,canespie8c@histats.com,Female,Gevee,Sabinópolis,Help Desk Technician
Ignazio,Strang,istrang8d@wired.com,Male,Jabberbean,Si Thep,Librarian
Eden,Feldbaum,efeldbaum8e@businesswire.com,Female,Lazzy,Gbarnga,Automation Specialist III
Iorgos,Cromleholme,icromleholme8f@discovery.com,Male,Fanoodle,Arevik,Software Engineer III
Erastus,Borthwick,eborthwick8g@state.tx.us,Male,Tagfeed,Cognac,VP Marketing
Niccolo,Reoch,nreoch8h@cornell.edu,Male,Edgeify,Sobreira,Nuclear Power Engineer
Sigfrid,Edwick,sedwick8i@e-recht24.de,Male,Zoomlounge,Araras,Systems Administrator II
Faber,Kendred,fkendred8j@wiley.com,Male,Voomm,Caleta Olivia,Geological Engineer
Marinna,Cawthry,mcawthry8k@mac.com,Female,Voomm,Qaryūt,Research Associate
Chelsae,Comberbeach,ccomberbeach8l@xrea.com,Female,Devcast,Frýdek-Místek,Senior Developer
Camey,Hoopper,choopper8m@deliciousdays.com,Male,Riffwire,Chinhoyi,Administrative Officer
Louisa,Thrussell,lthrussell8n@techcrunch.com,Female,Browsezoom,Kobylanka,Paralegal
Bryn,Firmin,bfirmin8o@vimeo.com,Male,Minyx,Randu,Accounting Assistant I
Celine,Branston,cbranston8p@ed.gov,Female,Flashdog,Chaiyo,Account Executive
Joelynn,Rising,jrising8q@wufoo.com,Female,Tagchat,Wuyao,Cost Accountant
Tony,Hotson,thotson8r@icio.us,Male,Flashspan,Kosmach,Senior Sales Associate
Sadella,Cauley,scauley8s@google.ru,Female,Realcube,Santa Cecília,Programmer IV
Welby,Grantham,wgrantham8t@engadget.com,Male,Gevee,Alkmaar,Accountant I
Traver,Powe,tpowe8u@cmu.edu,Male,Tavu,Praya,Statistician III
Sam,Tordoff,stordoff8v@prlog.org,Female,Einti,Camrose,Pharmacist
Sly,Gaenor,sgaenor8w@github.io,Male,Rhynyx,Hanjiashu,Assistant Media Planner
Coralie,Rolfini,crolfini8x@wsj.com,Female,Kazu,Nong Don,Internal Auditor
Isadore,Pieper,ipieper8y@google.ru,Male,Vitz,Örebro,Teacher
Amory,Karpmann,akarpmann8z@oaic.gov.au,Male,Dabshots,Qaraçuxur,Recruiter
Vidovic,Yurygyn,vyurygyn90@cargocollective.com,Male,Jabbercube,Nanshan,Tax Accountant
Kathy,Erbe,kerbe91@seattletimes.com,Female,Youbridge,Velizh,Occupational Therapist
Janeta,Gytesham,jgytesham92@wired.com,Female,Vinder,Mogapi,Registered Nurse
Khalil,Meharry,kmeharry93@pbs.org,Male,Feedbug,Horred,Analyst Programmer
Osborne,Lyddon,olyddon94@wsj.com,Male,Eabox,Baoluan,Developer II
Alli,Galey,agaley95@oracle.com,Female,Meezzy,Puntaru,Recruiting Manager
Rolph,Chesshire,rchesshire96@timesonline.co.uk,Male,Skyba,Mukařov,Civil Engineer
Renard,Chatenet,rchatenet97@example.com,Male,Roomm,Xiyang,Professor
Worden,Hyland,whyland98@com.com,Male,Skiba,Göteborg,Mechanical Systems Engineer
Brittne,Yakovl,byakovl99@privacy.gov.au,Female,Camido,Noenoni,Senior Sales Associate
Nichols,Dyhouse,ndyhouse9a@usatoday.com,Male,Mudo,Sukowono,Operator
Hilarius,Glason,hglason9b@google.com.hk,Male,Blognation,Huanglin,Help Desk Technician
Marla,Salvador,msalvador9c@dropbox.com,Female,Feedfish,Panite,Developer I
Durward,Caurah,dcaurah9d@youtube.com,Male,Fatz,Calachuchi,Software Consultant
Ware,Brann,wbrann9e@hatena.ne.jp,Male,Realcube,Bagroy,Assistant Professor
Esma,Dilliston,edilliston9f@furl.net,Female,Agivu,Káto Miliá,Sales Representative
Tomasine,Francombe,tfrancombe9g@google.co.uk,Female,Gabtype,Cut-cut Primero,Safety Technician II
Gretna,Jerrold,gjerrold9h@ca.gov,Female,Lajo,Pechenga,Health Coach III
Ragnar,Haygreen,rhaygreen9i@blogtalkradio.com,Male,Kwilith,Võhma,Geologist II
Waylin,Christy,wchristy9j@ehow.com,Male,Tekfly,Bang Pa-in,Internal Auditor
Krisha,Batters,kbatters9k@bloglines.com,Male,Gigashots,Uva,Compensation Analyst
Dotti,Wands,dwands9l@tuttocitta.it,Female,Livepath,Dalgān,Social Worker
Carlynn,Presland,cpresland9m@macromedia.com,Female,Shufflester,Vannes,Environmental Tech
Timofei,Foye,tfoye9n@mysql.com,Male,Thoughtbridge,‘Ayn al Bayḑā,Statistician III
Bowie,Ridolfo,bridolfo9o@msu.edu,Male,Thoughtblab,Jiangwang,Software Engineer IV
Linnell,Klehn,lklehn9p@theguardian.com,Female,Realmix,Staraya Mayna,Staff Accountant IV
Carly,Wilford,cwilford9q@vinaora.com,Male,Pixonyx,Cigaluh,Dental Hygienist
Ring,Ilyas,rilyas9r@huffingtonpost.com,Male,Fatz,Neskaupstaður,Mechanical Systems Engineer
Worthy,Saldler,wsaldler9s@tripod.com,Male,Roodel,El Almendro,Project Manager
Petronilla,Witherington,pwitherington9t@nytimes.com,Female,Buzzbean,Rzyki,Computer Systems Analyst III
Alessandro,Norville,anorville9u@t-online.de,Male,Divavu,Gostivar,Legal Assistant
Celinka,Churcher,cchurcher9v@youtube.com,Female,Photobug,Jiaogong,Automation Specialist III
Kevon,Ferrai,kferrai9w@netlog.com,Male,Lazzy,Rizal,VP Accounting
Barnard,Gudgeon,bgudgeon9x@ca.gov,Male,Topicstorm,Czarnożyły,Chemical Engineer
Frank,Tumbelty,ftumbelty9y@constantcontact.com,Male,Yakidoo,Pantalowice,Developer IV
Hazel,Bigland,hbigland9z@bluehost.com,Female,Dablist,Xinzhai,Occupational Therapist
Mirna,Coltart,mcoltarta0@imgur.com,Female,Plambee,Viļāni,Dental Hygienist
Quintin,Yeardley,qyeardleya1@g.co,Male,Flashspan,Baoshui,Junior Executive
Maurits,Djordjevic,mdjordjevica2@globo.com,Male,Tazz,North Perth,Geologist II
Barbette,Yorkston,byorkstona3@samsung.com,Female,Meembee,Murmuiža,Software Engineer II
Giorgi,Mauvin,gmauvina4@twitpic.com,Male,Kayveo,Dedenëvo,Assistant Professor
Emilie,Berends,eberendsa5@privacy.gov.au,Female,Jaxnation,Qishn,Developer II
Bernadene,Leaman,bleamana6@behance.net,Female,Voonte,Ceres,Paralegal
Farra,Trusslove,ftrusslovea7@liveinternet.ru,Female,Browsebug,Tran,Civil Engineer
Matthias,Towndrow,mtowndrowa8@i2i.jp,Male,Dabvine,Al Jumaylīyah,Professor
Evangelia,Tesoe,etesoea9@cocolog-nifty.com,Female,Jamia,Zapolyarnyy,Executive Secretary
Kurt,Trenbay,ktrenbayaa@usnews.com,Male,Gabtype,Izlake,Pharmacist
Elana,Blanko,eblankoab@macromedia.com,Female,Zooveo,Bakhmach,Media Manager I
Fransisco,Tonge,ftongeac@imageshack.us,Male,Tagtune,Chaodi,Librarian
Gardner,Greve,ggrevead@accuweather.com,Male,Feedmix,Vetlanda,Recruiter
Phaidra,Ondrousek,pondrousekae@mlb.com,Female,Quinu,Tatebal,Product Engineer
Dexter,Wheater,dwheateraf@who.int,Male,Eimbee,Quangang,Assistant Professor
Bryn,Forshaw,bforshawag@apple.com,Male,Twiyo,Springfield,Legal Assistant
Porty,Gilfether,pgilfetherah@yelp.com,Male,Mybuzz,Pa Tio,Marketing Manager
Dicky,Rothwell,drothwellai@fastcompany.com,Male,Skippad,Pangao,Health Coach II
Sissie,Hanby,shanbyaj@noaa.gov,Female,Browseblab,Zhongguanyi,Staff Scientist
Roddy,Abdy,rabdyak@instagram.com,Male,Voonder,Wysoka Strzyżowska,GIS Technical Architect
Lurette,Wimsett,lwimsettal@wunderground.com,Female,Tanoodle,Susanino,VP Accounting
Violet,Mansuer,vmansueram@yellowpages.com,Female,Yakijo,Knivsta,Marketing Manager
Marylou,Hastelow,mhastelowan@bbb.org,Female,Brainverse,Waishan,VP Sales
Adrian,Rieger,ariegerao@people.com.cn,Male,Brainsphere,Novaya Mayna,Safety Technician IV
Mil,McManamon,mmcmanamonap@oaic.gov.au,Female,Roomm,Khao Yoi,Clinical Specialist
Taylor,MacPharlain,tmacpharlainaq@51.la,Male,Photolist,Liuhu,Community Outreach Specialist
Abbe,Servant,aservantar@latimes.com,Male,Kamba,Cliza,Accounting Assistant I
Don,Monget,dmongetas@unesco.org,Male,Meevee,Wololele A,Financial Analyst
Corrinne,Hugenin,chugeninat@smugmug.com,Female,Tagchat,Ganding,Financial Analyst
Westbrooke,Gullefant,wgullefantau@macromedia.com,Male,Linktype,Luže,Financial Analyst
Tye,Sowter,tsowterav@goo.ne.jp,Male,Minyx,Lindong,Safety Technician II
Carlita,Devas,cdevasaw@last.fm,Female,Ntag,Luntai,Senior Cost Accountant
Lyndell,McNess,lmcnessax@behance.net,Female,Kazio,Barusuda,Quality Control Specialist
Meagan,Walczynski,mwalczynskiay@columbia.edu,Female,Feedfire,Ruihong,Quality Engineer
Arron,Bottoner,abottoneraz@people.com.cn,Male,Skipfire,Xigou,Media Manager I
Codi,Yaakov,cyaakovb0@hubpages.com,Male,Babblestorm,Kobilje,Senior Developer
Lacy,Guilloud,lguilloudb1@wikia.com,Female,Gevee,Kuruman,Administrative Officer
Doris,Chaloner,dchalonerb2@mlb.com,Female,Yoveo,Shangbahe,Research Nurse
Marlo,Wilsee,mwilseeb3@ca.gov,Female,Meeveo,Santa Praxedes,Quality Engineer
Emelda,Gosz,egoszb4@hc360.com,Female,BlogXS,Majur,Community Outreach Specialist
Frants,Feeney,ffeeneyb5@domainmarket.com,Male,Innotype,Qırmızı Samux,Account Representative III
Gabriel,Draisey,gdraiseyb6@w3.org,Male,Ailane,Jalaud,Professor
Caralie,Brounsell,cbrounsellb7@accuweather.com,Female,Eadel,Mache,Software Consultant
Jeniffer,Ismirnioglou,jismirniogloub8@barnesandnoble.com,Female,Youtags,Wesoła,Safety Technician II
Aylmar,Aronowicz,aaronowiczb9@mac.com,Male,Yodoo,Sobreiro,Senior Quality Engineer
Andy,Fowle,afowleba@soundcloud.com,Female,Meeveo,Jalapa,Physical Therapy Assistant
Baird,Ech,bechbb@europa.eu,Male,Skajo,Xinli,Project Manager
Egan,Tailby,etailbybc@ocn.ne.jp,Male,Realfire,Tsuruga,Biostatistician II
Rowena,De la Feld,rdelafeldbd@netvibes.com,Female,Npath,Podwilk,Structural Engineer
Eddie,Presnall,epresnallbe@gov.uk,Male,Kare,Baimiao,Senior Developer
Ty,Garred,tgarredbf@vistaprint.com,Male,Skinder,Kebonagung,Analog Circuit Design manager
Brendan,Ferronier,bferronierbg@chron.com,Male,Quinu,Farmahīn,Paralegal
Petr,Gilyott,pgilyottbh@nba.com,Male,Agimba,Boji,Safety Technician I
Celka,Missen,cmissenbi@t-online.de,Female,Photofeed,Eleftheroúpolis,Database Administrator IV
Paddie,Soares,psoaresbj@booking.com,Male,Lajo,Cigebrok,Pharmacist
Celine,Fist,cfistbk@nhs.uk,Female,Gabcube,Nelas,Software Consultant
Sherwin,Chippindale,schippindalebl@imgur.com,Male,Thoughtsphere,Tosno,Civil Engineer
Ag,Mitchelson,amitchelsonbm@economist.com,Female,Youbridge,Trinity,Programmer III
Doris,Guiver,dguiverbn@amazon.co.jp,Female,Skynoodle,Liufang,Account Coordinator
Frederic,Arden,fardenbo@godaddy.com,Male,Digitube,Huayucachi,Software Consultant
Lonee,Edwicke,ledwickebp@answers.com,Female,Eabox,Huacrapuquio,Web Designer I
Jessi,Evins,jevinsbq@1688.com,Female,Babblestorm,Xiniqi,Editor
Ware,Danzey,wdanzeybr@mozilla.com,Male,Cogidoo,Benger,Recruiting Manager
Zackariah,McCrudden,zmccruddenbs@cam.ac.uk,Male,Edgetag,Kayangel,Electrical Engineer
Dorrie,Northey,dnortheybt@aol.com,Female,Reallinks,São Cristóvão,Food Chemist
Christy,Cowins,ccowinsbu@freewebs.com,Female,Twitterbridge,Hengliang,Senior Editor
Felicio,Fantin,ffantinbv@unblog.fr,Male,Feedmix,Caspisapa,Nurse Practicioner
Sascha,Pearle,spearlebw@engadget.com,Female,Babblestorm,Olho Marinho,Budget/Accounting Analyst IV
Domenico,Roddick,droddickbx@spiegel.de,Male,Nlounge,Sanjiazi,Pharmacist
Zonda,Ioannidis,zioannidisby@behance.net,Female,Browsebug,Hetang,Account Executive
Waverly,Manzell,wmanzellbz@free.fr,Male,Ailane,Dayushu,Programmer III
Elsi,Averall,eaverallc0@naver.com,Female,Twinder,Daeosin Satu,Web Designer II
Verina,Cawley,vcawleyc1@earthlink.net,Female,Wikibox,Koryukivka,Account Executive
Clemente,Macconaghy,cmacconaghyc2@multiply.com,Male,Browsetype,Tauca,Paralegal
Emery,Boodell,eboodellc3@uol.com.br,Male,Gabcube,Krajanpagowan,Professor
Iolanthe,Phillp,iphillpc4@tripadvisor.com,Female,Aivee,Tlatah,Assistant Professor
Wilma,Anfosso,wanfossoc5@macromedia.com,Female,Topdrive,Ti-n-Essako,VP Marketing
Romain,Rohlfs,rrohlfsc6@privacy.gov.au,Male,Dynava,Tarauacá,VP Sales
Penn,Rodda,proddac7@ow.ly,Male,Yambee,Gunem,Human Resources Assistant IV
Rosette,Orpen,rorpenc8@cmu.edu,Female,Blognation,Ferreira do Zêzere,Media Manager IV
Josias,Haskell,jhaskellc9@foxnews.com,Male,Skipstorm,Muang Long,Software Engineer I
Sebastiano,Stollberg,sstollbergca@technorati.com,Male,Jatri,Tejakalapa,Food Chemist
Larina,Wilne,lwilnecb@elpais.com,Female,Thoughtworks,Trnava,Programmer II
Maddalena,Domek,mdomekcc@nationalgeographic.com,Female,Miboo,Verdizela,Developer III
Deane,Lillecrop,dlillecropcd@sciencedaily.com,Male,Riffwire,Rapas,Analyst Programmer
Coriss,Fennelow,cfennelowce@time.com,Female,Skipfire,Dushan,Staff Scientist
Jess,Simkin,jsimkincf@mediafire.com,Male,Youopia,Aizi,Engineer II
Carney,Healy,chealycg@storify.com,Male,Skaboo,Wanmao,Chemical Engineer
Hagan,Eite,heitech@salon.com,Male,Photolist,Sale,Human Resources Manager
Orv,Heiss,oheissci@e-recht24.de,Male,Twitterworks,Shibi,Structural Analysis Engineer
Guillermo,Casina,gcasinacj@smh.com.au,Male,Edgeify,Piraí do Sul,Programmer Analyst I
Randy,Blackeby,rblackebyck@msn.com,Male,Skaboo,Banjar Danginsema,Clinical Specialist
Man,Jickles,mjicklescl@ameblo.jp,Male,Browseblab,Altkirch,Professor
Darrin,Butterfill,dbutterfillcm@epa.gov,Male,Rhybox,Novopokrovskaya,Legal Assistant
Tab,Mitroshinov,tmitroshinovcn@cnn.com,Male,Izio,Alkmaar,Senior Cost Accountant
Mahmud,Theodoris,mtheodorisco@jalbum.net,Male,Mynte,Nuga,Human Resources Manager
Etta,Caulton,ecaultoncp@boston.com,Female,Fivespan,Sighnaghi,Executive Secretary
Lydon,Perritt,lperrittcq@a8.net,Male,Ntag,Guanqing,Community Outreach Specialist
Hamlin,Guest,hguestcr@apple.com,Male,Twimm,Karangwaru,Nurse Practicioner
Bret,Prescott,bprescottcs@ebay.co.uk,Male,Yadel,Del Monte,Computer Systems Analyst III
Fredrika,Hincks,fhincksct@wp.com,Female,Linktype,Gao,Civil Engineer
Jere,Wogan,jwogancu@noaa.gov,Female,Mynte,Valašská Polanka,GIS Technical Architect
Loutitia,D'Errico,lderricocv@mac.com,Female,Twimm,Licheń Stary,Associate Professor
Pauly,Kenway,pkenwaycw@alexa.com,Male,Fanoodle,Duli,Payment Adjustment Coordinator
Julieta,Ruperti,jruperticx@wired.com,Female,Youfeed,Sade,Operator
Stanfield,Eddowis,seddowiscy@jigsy.com,Male,Topiclounge,Jianyangping,Dental Hygienist
Gertruda,Rait,graitcz@slashdot.org,Female,Avaveo,Gushi,Business Systems Development Analyst
Bret,Saice,bsaiced0@is.gd,Male,Skinte,Miami,Research Assistant II
Vale,Doogan,vdoogand1@nationalgeographic.com,Male,Yodel,Tucson,VP Product Management
Allie,McPhelimey,amcphelimeyd2@posterous.com,Female,Rhycero,Kawahmanuk,Desktop Support Technician
Stephi,Kersaw,skersawd3@washingtonpost.com,Female,Wikizz,Pangapisan,Recruiter
La verne,Stitson,lstitsond4@infoseek.co.jp,Female,Skyba,Taling Chan,Structural Engineer
Chancey,Brachell,cbrachelld5@gizmodo.com,Male,Kwilith,Dalaba,Sales Representative
Marcel,Di Biasio,mdibiasiod6@delicious.com,Male,Eire,Vänersborg,Accounting Assistant II
Donal,Henniger,dhennigerd7@unblog.fr,Male,Tagchat,Linares,Account Executive
Seymour,Dawidowicz,sdawidowiczd8@webs.com,Male,Kazu,Shangyuan,Librarian
Deonne,Knevit,dknevitd9@wordpress.com,Female,Skippad,Oekuu,Desktop Support Technician
Ellette,Lumsdaine,elumsdaineda@issuu.com,Female,Zazio,Segoro,Occupational Therapist
Libbie,Parfrey,lparfreydb@plala.or.jp,Female,Fliptune,Longhua,Senior Sales Associate
Ermin,Sherel,eshereldc@irs.gov,Male,Yambee,Pasatan,Staff Accountant II
Kim,Doughton,kdoughtondd@linkedin.com,Female,Edgewire,Canalete,General Manager
Heriberto,Penfold,hpenfoldde@nifty.com,Male,Devcast,Mabamba,Chief Design Engineer
Hatti,Novotne,hnovotnedf@examiner.com,Female,Kanoodle,Tantou,Nuclear Power Engineer
Tedie,Hallgalley,thallgalleydg@about.com,Male,Demimbu,Harrison Brook,Operator
Niall,Goulbourn,ngoulbourndh@lulu.com,Male,Babbleblab,Lukou,Senior Developer
Faina,Mutton,fmuttondi@people.com.cn,Female,Photobug,Victoria Falls,Nuclear Power Engineer
Elwin,Jamot,ejamotdj@virginia.edu,Male,Trudeo,Ringinrejo,Software Engineer III
Allan,Long,alongdk@sphinn.com,Male,Topicshots,Mataya,Accounting Assistant III
Artemas,Doge,adogedl@canalblog.com,Male,Browsecat,Kawangu,Technical Writer
Rosemary,Bevan,rbevandm@google.es,Female,Rhybox,Ziliang,Research Nurse
Karita,Andryunin,kandryunindn@youku.com,Female,Zava,Bayawan,Senior Financial Analyst
Mathilda,Burel,mbureldo@unc.edu,Female,Ozu,Siukh,Design Engineer
Diann,Bricksey,dbrickseydp@elegantthemes.com,Female,Flipstorm,Baizhang,Cost Accountant
Cordy,De Mattia,cdemattiadq@quantcast.com,Male,Blogpad,Ubaté,Help Desk Technician
Dene,Greetland,dgreetlanddr@google.com.au,Male,Voonder,Xinshi,Accountant III
Nell,McTear,nmcteards@sciencedaily.com,Female,Skivee,Thanh Chương,Human Resources Manager
Tammie,Routh,trouthdt@nifty.com,Male,Tazz,Évry,Programmer III
Lindon,Stickens,lstickensdu@feedburner.com,Male,Shuffletag,Aduo,Financial Analyst
Jerrold,Snead,jsneaddv@is.gd,Male,Voonyx,Kentau,Senior Financial Analyst
Lexy,Terren,lterrendw@deliciousdays.com,Female,Realbuzz,Wanlongshan,Geological Engineer
Claudina,Poulson,cpoulsondx@qq.com,Female,Dynabox,Phalaborwa,Programmer Analyst I
Sidonia,Rendell,srendelldy@mozilla.org,Female,Youopia,Tomay Kichwa,Analyst Programmer
Sheff,Farnin,sfarnindz@lulu.com,Male,Flipbug,Mang’it Shahri,Software Consultant
Yancy,Flieger,yfliegere0@arizona.edu,Male,Kare,Bulianhe,Graphic Designer
Merrile,Furtado,mfurtadoe1@telegraph.co.uk,Female,Wikivu,Dinjo,Project Manager
Aubrey,De Gogay,adegogaye2@123-reg.co.uk,Female,Yakijo,Ciénaga de Oro,Human Resources Assistant IV
Agna,Di Maggio,adimaggioe3@tuttocitta.it,Female,Rhyloo,Karlskrona,Account Representative III
Hildegarde,MacCathay,hmaccathaye4@wiley.com,Female,Digitube,Dampek,Software Test Engineer III
Roxana,Jeste,rjestee5@indiegogo.com,Female,Babbleopia,Cimrutu,Accountant I
Travus,Collier,tcolliere6@4shared.com,Male,BlogXS,Guanting,Nurse
Palm,Fenn,pfenne7@house.gov,Male,Demivee,Nglengkir,Systems Administrator III
Joyann,Pash,jpashe8@alibaba.com,Female,Kanoodle,Lianhe,Engineer II
Goldi,Leneve,glenevee9@t-online.de,Female,Oyonder,Podstepki,Structural Analysis Engineer
Elizabet,Stores,estoresea@huffingtonpost.com,Female,Midel,Barwałd Średni,VP Marketing
Ewan,Keepin,ekeepineb@typepad.com,Male,Jatri,Igreja,Speech Pathologist
Paulie,Onraet,ponraetec@github.io,Female,Divanoodle,Zwolle,Software Consultant
Zora,Malzard,zmalzarded@squarespace.com,Female,Livetube,Łapanów,Programmer III
Elijah,Traviss,etravissee@comcast.net,Male,Riffwire,Beizi,Financial Advisor
Lucian,Hadingham,lhadinghamef@comcast.net,Male,Skynoodle,Lengshuijing,VP Accounting
Aeriell,McKain,amckaineg@bing.com,Female,Gabspot,Jiujiang,Research Nurse
Erroll,Forty,efortyeh@dion.ne.jp,Male,Voonix,Duantan,Director of Sales
Burch,Grzegorzewicz,bgrzegorzewiczei@posterous.com,Male,Meeveo,Pavlovka,Software Test Engineer I
Joey,Gatheral,jgatheralej@tamu.edu,Female,Dynabox,Guanbuqiao,Recruiting Manager
Papagena,Hudghton,phudghtonek@hugedomains.com,Female,Yadel,Wiwilí,Web Developer III
Winfred,Pummery,wpummeryel@slideshare.net,Male,Meejo,Walahir,Compensation Analyst
Ettore,Godsell,egodsellem@webmd.com,Male,Rhynyx,Funes,Assistant Media Planner
Mahmud,Siggin,msigginen@who.int,Male,Kwinu,Singosari,Registered Nurse
Tonya,Barrack,tbarrackeo@reddit.com,Female,Brainsphere,Claye-Souilly,Software Engineer III
Audi,Althorpe,aalthorpeep@drupal.org,Female,Photospace,Dubăsari,Staff Scientist
Harwilll,Magee,hmageeeq@yolasite.com,Male,Mycat,Siewierz,Biostatistician IV
Morgana,Altimas,maltimaser@google.co.uk,Female,Ailane,Sydney,Programmer III
Faina,Snugg,fsnugges@google.de,Female,Tazzy,Dingcheng,Registered Nurse
Lynde,Hullett,lhullettet@umn.edu,Female,Zoombeat,Banjar Ambengan,Help Desk Operator
Eula,Beeswing,ebeeswingeu@pbs.org,Female,Rooxo,Fengshan,Research Assistant IV
Tiertza,Brolechan,tbrolechanev@gnu.org,Female,Mydo,Dabu,Financial Analyst
Francoise,Monkton,fmonktonew@twitpic.com,Female,Minyx,Panadtaban,VP Accounting
Mohammed,Remmer,mremmerex@nifty.com,Male,Rhycero,Gò Quao,Research Assistant IV
Lianna,McKevin,lmckeviney@goo.gl,Female,Jetpulse,Cannes,Staff Accountant I
Tyne,Corneil,tcorneilez@slate.com,Female,Realblab,Árgos,Nuclear Power Engineer
Louisa,Dufour,ldufourf0@forbes.com,Female,Aivee,Sokółka,Geological Engineer
Sinclair,Kneath,skneathf1@squarespace.com,Male,Geba,Roscoff,Web Developer IV
Darcey,Massingham,dmassinghamf2@prweb.com,Female,Jetpulse,Hedong,VP Accounting
Evelyn,Duckham,educkhamf3@moonfruit.com,Female,Flipstorm,Stockholm,Media Manager IV
Haskel,Luggar,hluggarf4@icq.com,Male,DabZ,Panalingaan,Associate Professor
Osmund,Tammadge,otammadgef5@skype.com,Male,Npath,Shanglaxiu,Teacher
Annabal,Carvill,acarvillf6@prlog.org,Female,Voomm,Wuxihe,Administrative Assistant IV
Steffi,Huddleston,shuddlestonf7@marketwatch.com,Female,Omba,Concepción,Editor
Oswald,Witherden,owitherdenf8@archive.org,Male,Zoonoodle,Pak Chom,Compensation Analyst
Christoph,Gentry,cgentryf9@paypal.com,Male,Skyba,Timbaúba,Technical Writer
Dynah,Greenhough,dgreenhoughfa@a8.net,Female,Browsedrive,Uruçuca,Media Manager II
Dona,Savins,dsavinsfb@e-recht24.de,Female,Wikivu,Tāndo Mittha Khān,Editor
Audre,Cahen,acahenfc@ehow.com,Female,Topiclounge,Saint-Ouen,Legal Assistant
Correna,Kaman,ckamanfd@opera.com,Female,Fivebridge,Tianzhuang,Office Assistant II
Friedrich,Blackmore,fblackmorefe@mozilla.com,Male,Meeveo,Holýšov,Editor
Sebastien,Heinrici,sheinriciff@ehow.com,Male,Bluezoom,Mosquera,Tax Accountant
Leonid,Whisker,lwhiskerfg@github.io,Male,Jabbercube,Vårgårda,Chemical Engineer
Verina,Whitecross,vwhitecrossfh@linkedin.com,Female,Reallinks,Dayuan,Senior Developer
Kele,Davidai,kdavidaifi@indiatimes.com,Male,Meejo,Pangpang,Analyst Programmer
Melodie,Bentley,mbentleyfj@sogou.com,Female,Edgeclub,Centro Habana,Staff Scientist
Rickie,Castagne,rcastagnefk@epa.gov,Female,Mydeo,Luokeng,Compensation Analyst
Peadar,Oakinfold,poakinfoldfl@tinyurl.com,Male,Rhyzio,Saint-Denis,Registered Nurse
Hyacinthia,Hallut,hhallutfm@discovery.com,Female,Zoonder,Dongshan,Database Administrator II
Gonzalo,Selcraig,gselcraigfn@msu.edu,Male,Topicstorm,Cam Lộ,Legal Assistant
Kelbee,D'Costa,kdcostafo@ucla.edu,Male,Mybuzz,Wutumeiren,Assistant Manager
Pierson,Virgo,pvirgofp@apple.com,Male,Thoughtblab,Buqei‘a,Programmer Analyst IV
Fons,Sydry,fsydryfq@acquirethisname.com,Male,Vinder,Duru,Account Executive
Bellanca,Marchant,bmarchantfr@businesswire.com,Female,Realpoint,Futang,Physical Therapy Assistant
Edd,Batha,ebathafs@ning.com,Male,Avamba,Abashiri,Developer I
Robbie,MacCurlye,rmaccurlyeft@bluehost.com,Male,Yodo,København,Developer III
Garnette,Broxup,gbroxupfu@mysql.com,Female,Devpoint,Shkurinskaya,Business Systems Development Analyst
Alane,Beasant,abeasantfv@nba.com,Female,Edgewire,Ilha de Moçambique,Business Systems Development Analyst
Gar,Hain,ghainfw@nytimes.com,Male,Thoughtbridge,Annecy,Staff Scientist
Gipsy,Coulling,gcoullingfx@icq.com,Female,Mycat,Jingzhu,Financial Advisor
Carlye,Affron,caffronfy@diigo.com,Female,Bluezoom,Cẩm Phả,Food Chemist
Appolonia,Rollins,arollinsfz@telegraph.co.uk,Female,Aimbo,Evxinoúpolis,Quality Control Specialist
Judon,Gowdy,jgowdyg0@skyrock.com,Male,Thoughtsphere,Fenghuangshan,Senior Sales Associate
Waverley,Pavlovic,wpavlovicg1@upenn.edu,Male,Voonix,Yanling,Quality Engineer
Myrwyn,Woodrup,mwoodrupg2@nih.gov,Male,Dabjam,Da’an,Electrical Engineer
Towny,Afonso,tafonsog3@europa.eu,Male,Trudeo,Hongcao,Paralegal
Loise,Canada,lcanadag4@house.gov,Female,Mycat,Palmira,Operator
Neel,Roberto,nrobertog5@123-reg.co.uk,Male,Flashset,Gostovići,Design Engineer
Elladine,Downe,edowneg6@mapquest.com,Female,Realpoint,Babakantonggoh,Web Developer III
Steward,Rois,sroisg7@surveymonkey.com,Male,Fiveclub,El Limon,Associate Professor
Towny,Harriman,tharrimang8@wp.com,Male,Edgetag,Dayangzhou,Staff Accountant III
Harcourt,Paige,hpaigeg9@arstechnica.com,Male,Tagopia,Oodweyne,Design Engineer
Vonny,Huelin,vhuelinga@youtu.be,Female,Jabbertype,Houston,VP Quality Control
Harv,Moxley,hmoxleygb@hatena.ne.jp,Male,Brainsphere,Zhaxirabdain,Software Consultant
Fielding,Piddick,fpiddickgc@technorati.com,Male,Quinu,Ar Rawḑah,Structural Engineer
Theda,Willcot,twillcotgd@geocities.jp,Female,Plajo,Nepeña,Editor
Fletch,Turpey,fturpeyge@desdev.cn,Male,Twinte,Empangeni,Sales Representative
Alaine,Shah,ashahgf@smugmug.com,Female,Yodel,Shahumyan,Registered Nurse
Pyotr,Craddy,pcraddygg@macromedia.com,Male,Topicstorm,Verkhniye Osel’ki,Operator
Becka,Costigan,bcostigangh@technorati.com,Female,Voomm,Bagan,Information Systems Manager
Aveline,Torry,atorrygi@etsy.com,Female,Photolist,Witzenhausen,Cost Accountant
Rockey,Kilfether,rkilfethergj@zimbio.com,Male,Brainverse,Taisen-ri,Quality Control Specialist
Nikos,Pitts,npittsgk@dot.gov,Male,Shuffledrive,Trinaterra,Information Systems Manager
Khalil,Bulbrook,kbulbrookgl@photobucket.com,Male,Omba,Sơn Hà,Systems Administrator III
Godfry,Giuron,ggiurongm@tiny.cc,Male,Browseblab,Rancabuaya,Programmer I
Lonny,De Lisle,ldelislegn@vimeo.com,Male,Vipe,Buin,Information Systems Manager
Pauletta,Robeson,probesongo@youtube.com,Female,Skipstorm,Krajan Gajihan,Speech Pathologist
Nelle,Braywood,nbraywoodgp@microsoft.com,Female,Yodoo,Silca,Registered Nurse
Charmion,Hebbron,chebbrongq@ovh.net,Female,Bubbletube,Kaka,Mechanical Systems Engineer
Alex,De Vries,adevriesgr@feedburner.com,Female,Realfire,Shitong,Statistician IV
Emmalynn,MacClenan,emacclenangs@51.la,Female,Wikivu,Cingambul,Web Developer IV
Thorpe,Stevani,tstevanigt@cargocollective.com,Male,Zoonoodle,Lunyuk Ode,Teacher
Zechariah,Gallally,zgallallygu@angelfire.com,Male,Realpoint,Erétria,Technical Writer
Sydel,Guilloud,sguilloudgv@si.edu,Female,Rhybox,Koukkuniemi,Accountant I
Montgomery,Lote,mlotegw@last.fm,Male,Zoombox,Zaqatala,Software Test Engineer II
Georgena,Pentecost,gpentecostgx@ocn.ne.jp,Female,Janyx,Hantara,Actuary
Tristan,Heliet,thelietgy@goo.gl,Male,Skivee,Woro,Legal Assistant
Fara,Rosenboim,frosenboimgz@mtv.com,Female,Voolia,Wangcheng,Quality Engineer
Clement,Barclay,cbarclayh0@fc2.com,Male,Brainbox,Ho,Senior Editor
Jone,Drayn,jdraynh1@uol.com.br,Male,Zooveo,Heichengzi,Web Developer III
Les,Opdenorth,lopdenorthh2@php.net,Male,Twimm,La Virginia,GIS Technical Architect
Tiffany,Prevett,tprevetth3@wiley.com,Female,InnoZ,Khuzhir,Software Engineer II
Hercule,Buckthorp,hbuckthorph4@vinaora.com,Male,Skimia,Yang Chum Noi,Teacher
Pepi,Alcorn,palcornh5@netscape.com,Female,Thoughtbridge,Comodoro Rivadavia,Electrical Engineer
Siward,Tenwick,stenwickh6@ft.com,Male,Yacero,Paris 14,Desktop Support Technician
Talia,Toulch,ttoulchh7@uiuc.edu,Female,Quinu,Toulouse,Research Assistant III
Andrus,Duding,adudingh8@paypal.com,Male,Realcube,Seixezelo,Assistant Media Planner
Hillie,Gokes,hgokesh9@chron.com,Male,Eadel,Muramvya,Community Outreach Specialist
Nicola,Eldon,neldonha@europa.eu,Male,Dabtype,Tama,Quality Engineer
Frederick,Stickells,fstickellshb@auda.org.au,Male,Camido,Emiliano Zapata,Nurse Practicioner
Robb,Arkow,rarkowhc@prweb.com,Male,Chatterbridge,Des Moines,Civil Engineer
Faunie,Keeler,fkeelerhd@hugedomains.com,Female,Jaxspan,Nanxindian,Research Assistant IV
Rabbi,Jojic,rjojiche@mac.com,Male,Innojam,Kiamba,Information Systems Manager
Chadwick,Davidovsky,cdavidovskyhf@devhub.com,Male,Kazu,Xinjiang,VP Quality Control
Hilliard,Hugk,hhugkhg@rakuten.co.jp,Male,Voonyx,Maduao,Cost Accountant
Port,Dilleway,pdillewayhh@dropbox.com,Male,Fanoodle,Nezvěstice,Information Systems Manager
Ana,Roder,aroderhi@wikipedia.org,Female,Thoughtstorm,Mugala,Senior Cost Accountant
Mohammed,Dowman,mdowmanhj@marriott.com,Male,Zoonder,Trollhättan,Senior Editor
Ario,Loosemore,aloosemorehk@foxnews.com,Male,Zooveo,Ambositra,Structural Analysis Engineer
Jethro,Yanin,jyaninhl@bigcartel.com,Male,Youspan,Zābolī,Office Assistant I
Willetta,Calafate,wcalafatehm@typepad.com,Female,Tagtune,Durham,Office Assistant III
Celeste,Rankcom,crankcomhn@cmu.edu,Female,Blogtag,Rumat Heib,Director of Sales
Darrell,Melloi,dmelloiho@java.com,Male,Oyonder,Biała,Sales Associate
Carol,Stokell,cstokellhp@cmu.edu,Female,Zoombox,Ape,Actuary
Ninnette,Widdecombe,nwiddecombehq@bigcartel.com,Female,Miboo,Fermelã,Clinical Specialist
Armando,Pizer,apizerhr@whitehouse.gov,Male,Thoughtstorm,Tomislavgrad,Office Assistant III
Jaimie,Arno,jarnohs@java.com,Male,Trudeo,Chigan,Assistant Professor
Shurwood,Suero,ssueroht@huffingtonpost.com,Male,Buzzbean,Ágios Pétros,Senior Editor
Eduino,Rook,erookhu@oracle.com,Male,Shuffletag,Lobuk,Account Representative II
Margaretta,Keenleyside,mkeenleysidehv@alibaba.com,Female,Zoomzone,Vale da Serra,Clinical Specialist
Jandy,Reiach,jreiachhw@icio.us,Female,Rhynyx,Ourinhos,Physical Therapy Assistant
Marcella,Songhurst,msonghursthx@t-online.de,Female,Riffpath,Huixing,Systems Administrator I
Bobby,Sheircliffe,bsheircliffehy@jalbum.net,Male,Meevee,Charleston,General Manager
Dennie,Dallas,ddallashz@wisc.edu,Male,Shuffletag,Pictou,Web Designer III
Othello,Oakwood,ooakwoodi0@mlb.com,Male,BlogXS,Barbosa,Paralegal
Vernen,Tandy,vtandyi1@canalblog.com,Male,Oyonder,Coyaima,Budget/Accounting Analyst I
Nollie,Ensten,nensteni2@tmall.com,Female,Trupe,Tangzha,Marketing Assistant
Jarvis,Leonarde,jleonardei3@123-reg.co.uk,Male,Avaveo,Pruchnik,Human Resources Manager
Justen,Bowerbank,jbowerbanki4@webmd.com,Male,Wordify,Xindian,Graphic Designer
Corrianne,Bambrough,cbambroughi5@umich.edu,Female,Blogtags,Barotac Nuevo,Accounting Assistant III
Jacintha,Branchett,jbranchetti6@domainmarket.com,Female,Centidel,Almolonga,Web Designer III
Dennie,Marten,dmarteni7@photobucket.com,Female,Thoughtblab,Barru,Graphic Designer
Selie,Joscelyne,sjoscelynei8@about.me,Female,Dynabox,Stepnogorsk,Web Designer IV
Bartel,Tedman,btedmani9@time.com,Male,Zoomcast,Pingshan,Product Engineer
Miles,Preble,mprebleia@histats.com,Male,Roomm,Vohipaho,Marketing Assistant
Jephthah,Sawfoot,jsawfootib@stanford.edu,Male,Centidel,Iporá,Geological Engineer
Miof mela,Wimms,mwimmsic@cnn.com,Female,Tagtune,Aramecina,Account Executive
Berke,Le Pine,blepineid@opensource.org,Male,Twitternation,Mahdia,Civil Engineer
Zenia,Link,zlinkie@webs.com,Female,Tagpad,Kasama,Civil Engineer
Eadmund,South,esouthif@cloudflare.com,Male,Yodoo,Ghauspur,Nuclear Power Engineer
Vittoria,Ruselin,vruselinig@accuweather.com,Female,Oodoo,Ujungpangkah,Safety Technician I
Margette,Duny,mdunyih@liveinternet.ru,Female,Tekfly,Sparwood,Chemical Engineer
Robinetta,West,rwestii@yellowbook.com,Female,Teklist,Shatian,Physical Therapy Assistant
Pauletta,Kolodziej,pkolodziejij@china.com.cn,Female,Topicstorm,Xinglong,Nurse Practicioner
Demetri,Dufton,dduftonik@ca.gov,Male,Browsetype,Accha,Internal Auditor
Kylen,Featonby,kfeatonbyil@studiopress.com,Female,Ainyx,Mulatupo,Technical Writer
Lizette,Winsbury,lwinsburyim@behance.net,Female,Geba,Partido,Food Chemist
Mirelle,Cockland,mcocklandin@purevolume.com,Female,Vidoo,Daeosin Satu,Registered Nurse
Aurelea,Pinnington,apinningtonio@berkeley.edu,Female,Skivee,Hendala,Speech Pathologist
Freedman,Whiffin,fwhiffinip@state.gov,Male,Blognation,Olho Marinho,Staff Scientist
Valentine,Evesque,vevesqueiq@cisco.com,Male,Linkbuzz,Alpiarça,Business Systems Development Analyst
Phillipe,Scryne,pscryneir@github.com,Male,Kanoodle,Konin,Human Resources Manager
Alistair,Ferrucci,aferrucciis@washington.edu,Male,Zoombeat,Baryshevo,VP Product Management
Tann,Pucknell,tpucknellit@multiply.com,Male,Yakitri,Kruševica,Environmental Specialist
Tyrus,Fulton,tfultoniu@yandex.ru,Male,Wikido,Krasnodar,Staff Accountant IV
Adrien,Cussen,acusseniv@cmu.edu,Male,Devbug,Marisgama,VP Accounting
Murray,Piddle,mpiddleiw@opensource.org,Male,Yacero,Xunhe,VP Sales
Stella,Brokenbrow,sbrokenbrowix@craigslist.org,Female,Devpoint,Pravdinsk,Software Consultant
Quinn,Juschke,qjuschkeiy@google.ru,Female,Dynava,Putrajaya,Systems Administrator IV
Arda,Shellum,ashellumiz@washington.edu,Female,Chatterbridge,Elato,Analog Circuit Design manager
Mead,Pickrill,mpickrillj0@narod.ru,Male,Realfire,Santa Adélia,GIS Technical Architect
Izabel,Flindall,iflindallj1@tiny.cc,Female,Agimba,Pagaden,Systems Administrator I
Kaitlynn,Tither,ktitherj2@fastcompany.com,Female,Wikibox,Sumber Tengah,Help Desk Technician
Felic,Cheyne,fcheynej3@ovh.net,Male,Twimbo,Pacanga,Pharmacist
Sheila,Yushmanov,syushmanovj4@1688.com,Female,Snaptags,Cordon,Geologist II
Lissy,Kach,lkachj5@msu.edu,Female,Linkbuzz,Ciyu,Software Engineer I
Rorie,Enticknap,renticknapj6@weebly.com,Female,Pixonyx,Xiaosong,VP Product Management
Mattheus,Pennigar,mpennigarj7@gizmodo.com,Male,Livepath,Nagbukel,Paralegal
Arlin,Cauldfield,acauldfieldj8@dagondesign.com,Male,InnoZ,Kuching,Programmer Analyst IV
Georgena,Reina,greinaj9@abc.net.au,Female,Photojam,Cartagena,Sales Representative
Gaspar,Keyes,gkeyesja@slideshare.net,Male,Youtags,Perstorp,Computer Systems Analyst II
Kalinda,Ringham,kringhamjb@mayoclinic.com,Female,LiveZ,Criação Velha,Help Desk Technician
Izaak,Carnell,icarnelljc@fema.gov,Male,Bluezoom,Slyudyanka,Database Administrator IV
Maureen,Kubista,mkubistajd@ameblo.jp,Female,Thoughtblab,Saint-Quentin-en-Yvelines,Marketing Assistant
Minerva,Hutchence,mhutchenceje@state.gov,Female,Livepath,Kubangsari,Human Resources Assistant III
Curt,Hinrichs,chinrichsjf@goo.gl,Male,Yozio,Trakai,Product Engineer
Rem,Georges,rgeorgesjg@dell.com,Male,Wikivu,Plymouth,Senior Cost Accountant
Maggi,Phalp,mphalpjh@flavors.me,Female,Viva,Katsina,Account Executive
Prudy,Stonhouse,pstonhouseji@japanpost.jp,Female,Trudeo,San José de La Montaña,Internal Auditor
Christy,de Leon,cdeleonjj@wisc.edu,Male,Riffwire,Niutian,Professor
Glad,Aldren,galdrenjk@spotify.com,Female,Oyoloo,Yushugou,Software Consultant
Arlan,Lyes,alyesjl@mac.com,Male,Trilith,Baozi,Marketing Assistant
Walliw,Ends,wendsjm@dedecms.com,Female,Youspan,Kadupinang,Programmer IV
Llewellyn,Hailey,lhaileyjn@mlb.com,Male,Gabtype,Jiushe,Sales Associate
Anthe,Ackenhead,aackenheadjo@blogger.com,Female,Kayveo,San Mateo,Compensation Analyst
Gav,Cud,gcudjp@psu.edu,Male,Topicware,Saint-Quentin-en-Yvelines,Legal Assistant
Aviva,Philpin,aphilpinjq@feedburner.com,Female,Yombu,Oitui,Staff Scientist
Arlen,O'Hederscoll,aohederscolljr@tripadvisor.com,Female,Aivee,Pregradnoye,Account Executive
Andreas,O' Connell,aoconnelljs@angelfire.com,Male,Shuffledrive,Buy,Biostatistician I
Elfrida,Bradtke,ebradtkejt@qq.com,Female,Oozz,Lysogorskaya,Civil Engineer
Mariquilla,Hurkett,mhurkettju@unc.edu,Female,Twimbo,Meishan,Paralegal
Nona,Nucciotti,nnucciottijv@i2i.jp,Female,Tanoodle,Vaiusu,Engineer III
Sianna,Dudney,sdudneyjw@surveymonkey.com,Female,Innojam,Santiaoshi,Paralegal
Hallie,Molohan,hmolohanjx@unicef.org,Female,Tagtune,Cortes,Analog Circuit Design manager
Barrie,Handy,bhandyjy@scribd.com,Male,Jetwire,Gwio Kura,Electrical Engineer
Thurstan,Pickless,tpicklessjz@blogtalkradio.com,Male,Jaxbean,Aldeia da Mata,Research Associate
Jaye,Linde,jlindek0@google.ca,Male,Zoomcast,Aricagua,Occupational Therapist
Desiree,Eckhard,deckhardk1@pbs.org,Female,Oyonder,Kertasari,Web Designer I
Dorri,Kernes,dkernesk2@intel.com,Female,Digitube,Lagarto,Senior Developer
Isadora,Light,ilightk3@squidoo.com,Female,Quire,Al Ḩazm,Editor
Rheta,Sim,rsimk4@feedburner.com,Female,Edgetag,Barreiro,Nurse
Antony,Rixon,arixonk5@miitbeian.gov.cn,Male,Quimm,Ostroměř,Senior Sales Associate
Raimondo,Clowney,rclowneyk6@163.com,Male,Thoughtworks,Chodová Planá,VP Quality Control
Gilles,Tomaini,gtomainik7@cisco.com,Male,Feedbug,San Patricio,Developer III
Keary,Konig,kkonigk8@theguardian.com,Male,Camido,Tulu Bolo,Software Test Engineer IV
Sarah,Casbolt,scasboltk9@xrea.com,Female,Kamba,Mohoro,Senior Sales Associate
Karita,Risley,krisleyka@gravatar.com,Female,Rhyloo,Esperanza,VP Marketing
Salvidor,Manson,smansonkb@google.pl,Male,Yotz,Carson City,Programmer III
Timothy,Crichley,tcrichleykc@admin.ch,Male,Eabox,Laszki,Systems Administrator II
Kirbie,Casewell,kcasewellkd@artisteer.com,Female,Myworks,Asunción,Librarian
Hamilton,Flynn,hflynnke@geocities.com,Male,Feedspan,Plateliai,Physical Therapy Assistant
Henrik,Whitney,hwhitneykf@webeden.co.uk,Male,Tavu,Anda,VP Accounting
Athena,Mithun,amithunkg@sun.com,Female,Kwinu,Candelaria,Assistant Manager
Tracy,Buttler,tbuttlerkh@ted.com,Male,Skinte,Brant,Operator
Patti,Solomonides,psolomonideski@hc360.com,Female,Browsebug,Nasīrābād,Chief Design Engineer
Sukey,Timpany,stimpanykj@nature.com,Female,Riffwire,Tene,Executive Secretary
Darrin,Brozek,dbrozekkk@weebly.com,Male,Voonyx,Tamana,Environmental Specialist
Dannel,Weyman,dweymankl@skyrock.com,Male,Jaxbean,Cunha,Operator
Welby,Stones,wstoneskm@ameblo.jp,Male,Avamm,Qingminghe,Senior Financial Analyst
Sheppard,Murr,smurrkn@bandcamp.com,Male,Muxo,Ballyhaunis,Recruiting Manager
Cristian,Couve,ccouveko@shutterfly.com,Male,Pixope,Pliska,Senior Editor
Juieta,Chicco,jchiccokp@themeforest.net,Female,Meevee,Brailiv,Senior Quality Engineer
Kippar,Justham,kjusthamkq@spiegel.de,Male,Camimbo,Kadubera,Project Manager
Remy,Poytheras,rpoytheraskr@geocities.com,Female,Geba,Dasha,Human Resources Manager
Jared,Bolzmann,jbolzmannks@instagram.com,Male,Skinder,Minh Long,Account Representative III
Elga,Hegley,ehegleykt@prweb.com,Female,Omba,Sorokino,Software Engineer I
Hannis,Clarkson,hclarksonku@nba.com,Female,Oba,Potikosin,Physical Therapy Assistant
Vasilis,Blow,vblowkv@va.gov,Male,Roombo,Shashi,Cost Accountant
Efren,Featherbie,efeatherbiekw@disqus.com,Male,Browsezoom,Khirdalan,Dental Hygienist
Christabella,Philippe,cphilippekx@ow.ly,Female,Leenti,Barr,Senior Quality Engineer
Cam,Beckworth,cbeckworthky@mysql.com,Male,Rhynoodle,Wugong,Marketing Manager
Arman,Hearfield,ahearfieldkz@histats.com,Male,Wikibox,Krylovskaya,Account Representative IV
Cosmo,Tawse,ctawsel0@phoca.cz,Male,Tanoodle,Sempol,Operator
Guinevere,McTague,gmctaguel1@theatlantic.com,Female,Zooxo,Szlachta,Chief Design Engineer
Debbi,Schooley,dschooleyl2@ca.gov,Female,Yakijo,Sennoy,Senior Editor
Alecia,McMichan,amcmichanl3@list-manage.com,Female,Skyba,Puncaktugu,Account Representative III
Lon,Dietzler,ldietzlerl4@tiny.cc,Male,Midel,Rey,Human Resources Assistant II
Emmott,Geist,egeistl5@theglobeandmail.com,Male,Feednation,Pirava,Design Engineer
Monah,Driver,mdriverl6@ifeng.com,Female,Zazio,Dongshi,Teacher
Shelli,Wibrew,swibrewl7@noaa.gov,Female,Midel,Vancouver,Teacher
Leif,Krahl,lkrahll8@yelp.com,Male,Kimia,Piúma,Environmental Tech
Flint,Kingerby,fkingerbyl9@canalblog.com,Male,Topicblab,Mobai,Account Representative III
Tremayne,Otterwell,totterwellla@bigcartel.com,Male,Gabtune,Thị Trấn Mường Tè,Assistant Professor
Terencio,Laird,tlairdlb@360.cn,Male,Muxo,Humniska,Recruiting Manager
Fowler,Ungerer,fungererlc@utexas.edu,Male,Zazio,Bollnäs,Software Test Engineer IV
Maryrose,Yitshak,myitshakld@dyndns.org,Female,Riffpath,Sundbyberg,Clinical Specialist
Hilton,Alejandre,halejandrele@fastcompany.com,Male,Brightdog,Avignon,Community Outreach Specialist
Raynor,Perigeaux,rperigeauxlf@noaa.gov,Male,Zoombeat,Liberia,Executive Secretary
Fayina,Rodders,frodderslg@fotki.com,Female,Livetube,Jiang’an,Legal Assistant
Parsifal,Yurlov,pyurlovlh@boston.com,Male,Zava,Shangchewan,Tax Accountant
Reynolds,Dickens,rdickensli@devhub.com,Male,Feedspan,Shuinan,Internal Auditor
Teresina,Yerrell,tyerrelllj@weather.com,Female,Thoughtstorm,Garwolin,Quality Engineer
Hewet,Rubartelli,hrubartellilk@canalblog.com,Male,Topiclounge,Vyshneve,Information Systems Manager
Celisse,Ruslin,cruslinll@state.gov,Female,Wordware,Xingyi,Software Test Engineer II
Helyn,Gershom,hgershomlm@goo.ne.jp,Female,Topiclounge,Tiniguiban,Librarian
Caddric,Le Breton,clebretonln@prweb.com,Male,Realfire,Nova Venécia,Senior Cost Accountant
Eberhard,Meckiff,emeckifflo@scientificamerican.com,Male,Fadeo,Mataya,Project Manager
Ange,Hakewell,ahakewelllp@omniture.com,Female,Flipstorm,Socabaya,Marketing Assistant
Webster,Dominguez,wdominguezlq@hugedomains.com,Male,Photofeed,Steinfort,Senior Cost Accountant
Vida,Mahon,vmahonlr@homestead.com,Female,Voolith,Macedo de Cavaleiros,Associate Professor
Pepito,Husk,phuskls@apple.com,Male,Dazzlesphere,Palmira,Business Systems Development Analyst
Olwen,Kleiner,okleinerlt@businesswire.com,Female,Plajo,Yug,Electrical Engineer
Hinze,Agar,hagarlu@rakuten.co.jp,Male,Tagopia,Rio das Pedras,Database Administrator IV
Emeline,Conradie,econradielv@soup.io,Female,Jamia,Onsŏng,Librarian
Fitzgerald,Roches,frocheslw@lulu.com,Male,Flipstorm,Itaitinga,Analog Circuit Design manager
Johnette,Cayton,jcaytonlx@plala.or.jp,Female,Jaxworks,Nyahururu,Sales Representative
Fredek,Rummin,frumminly@edublogs.org,Male,Photolist,Zargarān,VP Product Management
Ola,Povey,opoveylz@scientificamerican.com,Female,Jaloo,Ängelholm,Physical Therapy Assistant
Clerkclaude,Spraggon,cspraggonm0@ftc.gov,Male,Yakidoo,Simimbaan,Paralegal
Bartram,Gillham,bgillhamm1@constantcontact.com,Male,Vidoo,Liaoyang,Senior Quality Engineer
Rafe,Gerrard,rgerrardm2@nhs.uk,Male,Geba,Ialoveni,Financial Advisor
Alyosha,Cansdall,acansdallm3@reference.com,Male,Tekfly,Oemollo,Budget/Accounting Analyst III
Yorgo,Beacock,ybeacockm4@wsj.com,Male,Babblestorm,Värmdö,Account Coordinator
Warren,Vermer,wvermerm5@google.ru,Male,Eimbee,Raojān,Budget/Accounting Analyst III
Dael,McAdam,dmcadamm6@nature.com,Female,Topdrive,Fangzheng,Computer Systems Analyst III
Glenden,Feilden,gfeildenm7@ning.com,Male,Zoomzone,Nizhniy Dzhengutay,VP Product Management
Eda,Filipczak,efilipczakm8@weather.com,Female,Snaptags,Lisiy Nos,Civil Engineer
Marinna,Crutchley,mcrutchleym9@cpanel.net,Female,Chatterbridge,Sindangheula,Marketing Manager
Gregorius,Sheather,gsheatherma@sciencedaily.com,Male,Blogtags,Itabira,Dental Hygienist
Davidson,Handes,dhandesmb@toplist.cz,Male,Talane,Krasnyy Oktyabr’,Social Worker
Hobard,Swancott,hswancottmc@archive.org,Male,Shuffledrive,Kolsko,Librarian
Dallis,Gietz,dgietzmd@domainmarket.com,Male,Thoughtmix,Mascote,VP Product Management
Bernadette,Thominga,bthomingame@jiathis.com,Female,Demimbu,Veselí nad Lužnicí,Assistant Professor
Lydia,Glowinski,lglowinskimf@japanpost.jp,Female,Jetwire,Laojunpo,Legal Assistant
Boy,Drain,bdrainmg@etsy.com,Male,Skimia,Souto,Software Test Engineer II
Betsey,Stooke,bstookemh@comsenz.com,Female,Meevee,Datian,VP Sales
Normy,Matschek,nmatschekmi@typepad.com,Male,Zooxo,Hājīganj,Chemical Engineer
Chelsie,Joska,cjoskamj@redcross.org,Female,Aivee,Dafang,Staff Scientist
Zeke,Loweth,zlowethmk@slideshare.net,Male,Latz,Daqiao,Assistant Media Planner
Elliot,McKeaney,emckeaneyml@cyberchimps.com,Male,Dabtype,Lijiang,Research Assistant IV
Gina,Rose,grosemm@si.edu,Female,Eire,Rudy,Recruiter
Dame,Sussams,dsussamsmn@sohu.com,Male,Zoonder,Feira de Santana,Software Test Engineer IV
Butch,Laux,blauxmo@gnu.org,Male,Zooxo,Nizhnyaya Salda,Mechanical Systems Engineer
Briana,Deener,bdeenermp@constantcontact.com,Female,Demimbu,Berezovo,Account Executive
Rowney,Vannuchi,rvannuchimq@redcross.org,Male,Roomm,Ust’-Ilimsk,Senior Sales Associate
Denver,Vesty,dvestymr@histats.com,Male,Feedfish,Ágios Matthaíos,Financial Analyst
Jdavie,Wogan,jwoganms@paypal.com,Male,Voonix,Oslo,Budget/Accounting Analyst III
Mordy,Skentelbury,mskentelburymt@ucoz.ru,Male,Camimbo,Mobara,VP Marketing
Sherilyn,Dawes,sdawesmu@baidu.com,Female,Yotz,Mapusagafou,Executive Secretary
Reggie,Hempshall,rhempshallmv@whitehouse.gov,Female,Yambee,Jingping,Accountant IV
Raquela,Olivera,roliveramw@netlog.com,Female,Meeveo,Karavan,Information Systems Manager
Ingeberg,Saleway,isalewaymx@sourceforge.net,Female,Realcube,Freixo de Numão,Design Engineer
Gonzalo,Slorach,gslorachmy@scientificamerican.com,Male,Nlounge,Radnice,Marketing Assistant
Rikki,Merrigans,rmerrigansmz@homestead.com,Male,Fiveclub,Redange-sur-Attert,Graphic Designer
Perceval,Elliston,pellistonn0@php.net,Male,Divape,El Copey,General Manager
Vernen,Pogg,vpoggn1@hhs.gov,Male,Skinte,Doom,Business Systems Development Analyst
Marlene,Mughal,mmughaln2@1688.com,Female,Skiptube,West Island,Occupational Therapist
Lark,Lanfare,llanfaren3@upenn.edu,Female,Zava,Cần Giờ,Payment Adjustment Coordinator
Jacky,Parcell,jparcelln4@jimdo.com,Female,Mynte,Kanashevo,VP Accounting
Bartlet,Whayman,bwhaymann5@imageshack.us,Male,Vinte,Profítis Ilías,Director of Sales
Calhoun,Monckton,cmoncktonn6@ask.com,Male,Edgeclub,Baima,Internal Auditor
Sayer,Slyne,sslynen7@ehow.com,Male,Skippad,Şirrīn ash Shamālīyah,Payment Adjustment Coordinator
Jorge,Ewert,jewertn8@oracle.com,Male,Kazu,Guayabal de Síquima,Librarian
Jimmie,Avraam,javraamn9@lulu.com,Male,Yambee,Chumphon,General Manager
Noak,Faichnie,nfaichniena@tinyurl.com,Male,Livetube,Koh Tao,Actuary
Jolee,Valentin,jvalentinnb@vk.com,Female,Gigashots,Popovo,Environmental Specialist
Marybeth,Whitington,mwhitingtonnc@google.com.au,Female,Jetpulse,Kainan,Geologist II
Olivero,Roggero,oroggerond@mlb.com,Male,Zoomcast,Zakhim,Accountant III
Lexy,Waye,lwayene@nydailynews.com,Female,BlogXS,Stupsk,Budget/Accounting Analyst I
Kane,Moody,kmoodynf@nsw.gov.au,Male,Zoombox,Phatthana Nikhom,VP Accounting
Cindi,Werny,cwernyng@altervista.org,Female,Eayo,Älvängen,Quality Engineer
Aguste,Angood,aangoodnh@infoseek.co.jp,Male,Jaloo,Liulin,Software Test Engineer III
Loni,Pettigree,lpettigreeni@youku.com,Female,Oyoloo,Xihu,Actuary
Lyn,Bruun,lbruunnj@answers.com,Male,Bluejam,Amirabad,Developer II
Marina,Terrett,mterrettnk@quantcast.com,Female,Yodoo,Belisario Dominguez,Human Resources Assistant IV
Reynold,Farryan,rfarryannl@sohu.com,Male,Digitube,Zhichanghe,Developer III
Brett,Thorowgood,bthorowgoodnm@tiny.cc,Female,Zoonoodle,Krajan,Environmental Specialist
Nickolaus,Gann,ngannnn@answers.com,Male,Zoombox,Koncang,Financial Advisor
Chloris,Apedaile,capedaileno@bandcamp.com,Female,Trunyx,Montilla,Engineer III
Cordie,Dumsday,cdumsdaynp@studiopress.com,Female,Rooxo,Mafeng,Social Worker
Marijo,Jorcke,mjorckenq@yolasite.com,Female,Kanoodle,Banī Mazār,Senior Sales Associate
Stan,De Cruze,sdecruzenr@netlog.com,Male,Twimbo,Conde,Developer II
Kelcie,Jedrasik,kjedrasikns@si.edu,Female,Zoomzone,Sarykemer,Help Desk Technician
Karil,Bousler,kbouslernt@hao123.com,Female,Twitterwire,Duofudu,Help Desk Technician
Lilla,Godfree,lgodfreenu@ucla.edu,Female,Photobean,Kalinovskaya,Pharmacist
Con,Joskowitz,cjoskowitznv@ovh.net,Female,Avamm,Maun,Librarian
Ezequiel,Meddick,emeddicknw@deviantart.com,Male,Kayveo,Skalbmierz,Physical Therapy Assistant
Ariel,Powley,apowleynx@friendfeed.com,Male,Zooveo,Pļaviņas,Chemical Engineer
Gui,Fandrey,gfandreyny@walmart.com,Female,Meevee,Zongga,Staff Scientist
Cheston,Rosenberg,crosenbergnz@cafepress.com,Male,Browsebug,Banjar Beratan,Recruiting Manager
Katuscha,Stilgoe,kstilgoeo0@etsy.com,Female,Twitternation,Hexing,Staff Scientist
Collin,Karpychev,ckarpychevo1@nifty.com,Male,Jaxspan,Pinyug,Teacher
Ulrick,Beneix,ubeneixo2@jiathis.com,Male,Eimbee,Guchang,Professor
Alis,Spadelli,aspadellio3@sfgate.com,Female,Photospace,Sabon Gari-Nangere,Senior Quality Engineer
Ariella,Stansell,astansello4@desdev.cn,Female,Yata,Austin,Nuclear Power Engineer
Scot,Lindenbluth,slindenblutho5@fotki.com,Male,Zoomzone,Areni,Dental Hygienist
Faythe,Broadwell,fbroadwello6@sun.com,Female,Demimbu,Tabuc Pontevedra,Staff Accountant III
Kimberlyn,Howe,khoweo7@sina.com.cn,Female,Bubbletube,Khrebtovaya,Environmental Specialist
Shalna,Posner,sposnero8@live.com,Female,Tekfly,Boroko,Analog Circuit Design manager
Gregorio,Cheel,gcheelo9@tamu.edu,Male,Feedfire,Kota Kinabalu,Budget/Accounting Analyst IV
Nicolai,Greiser,ngreiseroa@sina.com.cn,Male,Yakitri,Wilkowice,Senior Sales Associate
Jereme,Murphy,jmurphyob@cocolog-nifty.com,Male,Skimia,Xinwu,Staff Accountant III
Roderic,Spillett,rspillettoc@soundcloud.com,Male,Buzzster,Cisantri,Data Coordiator
Conrado,Arling,carlingod@baidu.com,Male,Quatz,Saxin,Media Manager I
Loralyn,Fedoronko,lfedoronkooe@tinypic.com,Female,Twitterwire,Helsingborg,Senior Editor
Allissa,Steptow,asteptowof@oakley.com,Female,Edgepulse,Gardanne,Compensation Analyst
Cristal,Clemitt,cclemittog@spiegel.de,Female,Photobug,Yong’an,Cost Accountant
Sully,Coram,scoramoh@usda.gov,Male,LiveZ,Saint-Lin-Laurentides,Software Engineer III
Devondra,Balhatchet,dbalhatchetoi@chronoengine.com,Female,Jazzy,Sillamäe,Statistician I
Penny,Longmuir,plongmuiroj@ihg.com,Female,Meejo,Tushi,Computer Systems Analyst III
Keven,Odom,kodomok@barnesandnoble.com,Male,Skyvu,Gapuk,Data Coordiator
Dixie,Witsey,dwitseyol@stanford.edu,Female,Browseblab,Yongxing,Food Chemist
Putnam,Currie,pcurrieom@irs.gov,Male,Dabvine,Gayamdesa,Web Developer II
Pierre,Jansie,pjansieon@wikia.com,Male,Kazio,Ipil,Assistant Professor
Rock,Stammirs,rstammirsoo@nifty.com,Male,Lajo,Muramvya,Professor
Les,Hebble,lhebbleop@unicef.org,Male,Voomm,Bayog,Environmental Tech
Bob,Naul,bnauloq@51.la,Male,Katz,Rathnew,Recruiting Manager
Sholom,Berrie,sberrieor@toplist.cz,Male,Plajo,Boju,Marketing Assistant
Idell,Bancroft,ibancroftos@blogtalkradio.com,Female,Skaboo,Mozhga,Social Worker
Calv,Loverock,cloverockot@youku.com,Male,Voonder,Esquipulas Palo Gordo,Web Designer IV
Barbee,Blore,bbloreou@accuweather.com,Female,Youbridge,Dueñas,Community Outreach Specialist
Appolonia,McGriffin,amcgriffinov@ucoz.ru,Female,Plajo,Pantaihambawang,Human Resources Manager
Hewe,Conley,hconleyow@360.cn,Male,Photofeed,Manzanillo,Sales Representative
Shurwood,Vanyashkin,svanyashkinox@purevolume.com,Male,Zoovu,Muke,Nurse
Adore,Piscopello,apiscopellooy@purevolume.com,Female,Miboo,Gharavŭtí,Internal Auditor
Romeo,Bridell,rbridelloz@jigsy.com,Male,Zoonder,Volodarsk,Help Desk Technician
Randy,Lorkin,rlorkinp0@nhs.uk,Female,Voolith,Lendan,Senior Quality Engineer
Ashlan,Cristofolo,acristofolop1@artisteer.com,Female,Blogtags,Margarita,Mechanical Systems Engineer
Maryellen,Glanfield,mglanfieldp2@networkadvertising.org,Female,Dabtype,La Coipa,Information Systems Manager
Waverly,Shimmin,wshimminp3@360.cn,Male,Topicshots,Weihe,Computer Systems Analyst III
Hillery,Worrill,hworrillp4@ow.ly,Male,Eimbee,Shardara,Staff Scientist
Edeline,Tutt,etuttp5@theglobeandmail.com,Female,Ozu,Domoni,Programmer Analyst I
Felipa,Merit,fmeritp6@washington.edu,Female,Brainbox,Gimbi,Administrative Assistant III
Batholomew,Sinderson,bsindersonp7@hud.gov,Male,Yambee,Nizhnyaya Tura,Pharmacist
Bird,Ringer,bringerp8@jimdo.com,Female,Quinu,Villa Mercedes,Marketing Assistant
Ford,Skitral,fskitralp9@businessinsider.com,Male,Flipbug,Krajan,Speech Pathologist
Stanfield,Hess,shesspa@stanford.edu,Male,Thoughtworks,Klippan,Paralegal
Romy,Covert,rcovertpb@redcross.org,Female,Trudoo,Belang,Librarian
Francesco,Fundell,ffundellpc@arstechnica.com,Male,Yamia,Vũng Tàu,Environmental Specialist
Archambault,Lennie,alenniepd@wired.com,Male,Twitterwire,Kandi,Product Engineer
Hermia,Blockley,hblockleype@g.co,Female,Shufflebeat,Alvaro Obregon,Graphic Designer
Rubin,Casetta,rcasettapf@issuu.com,Male,Linklinks,Degerfors,Librarian
Carlee,Waghorn,cwaghornpg@comsenz.com,Female,Divavu,Las Animas,Analog Circuit Design manager
Eleanora,Pomfrey,epomfreyph@hibu.com,Female,Photojam,Sok Kwu Wan,Media Manager III
Mabel,Ollett,mollettpi@theglobeandmail.com,Female,Yozio,Ifo,Design Engineer
Nesta,Willoughby,nwilloughbypj@symantec.com,Female,Npath,Iperó,Media Manager II
Allard,Maudsley,amaudsleypk@ask.com,Male,Edgeify,Naas,Accounting Assistant IV
Ede,Turpie,eturpiepl@discovery.com,Female,BlogXS,Zhongxian,Staff Scientist
Kristyn,Chicken,kchickenpm@hp.com,Female,Yabox,Kalianyar Selatan,Geologist II
Stormy,D'Ruel,sdruelpn@rakuten.co.jp,Female,Skipstorm,Yŏnmu,Geological Engineer
Jeth,Goodley,jgoodleypo@redcross.org,Male,Muxo,Loket,Marketing Assistant
Dov,Northridge,dnorthridgepp@telegraph.co.uk,Male,Wikido,Huế,Engineer I
Kizzie,Huller,khullerpq@dropbox.com,Female,Brainverse,Debre Tabor,Financial Analyst
Karin,Pauler,kpaulerpr@slate.com,Female,Zoombeat,Zaysan,Librarian
Lenka,Vlasenko,lvlasenkops@newsvine.com,Female,Photobug,Palauig,Technical Writer
Adria,Bullick,abullickpt@mtv.com,Female,Mydeo,Requena,Editor
Christoforo,Aggett,caggettpu@tmall.com,Male,Devbug,Wukari,Sales Representative
Samaria,Forge,sforgepv@mashable.com,Female,Janyx,Aucayacu,Dental Hygienist
Chelsey,Seward,csewardpw@elegantthemes.com,Female,Zoomcast,Oslo,Nuclear Power Engineer
Reade,Bowton,rbowtonpx@engadget.com,Male,Browsecat,Büzmeýin,Senior Cost Accountant
Kelwin,Vidler,kvidlerpy@gizmodo.com,Male,Zoonder,Oeri’u,Research Associate
Blondie,Loft,bloftpz@gnu.org,Female,Mycat,Bitung,Graphic Designer
Estelle,Lawry,elawryq0@freewebs.com,Female,Yakijo,Xinzhuang,Computer Systems Analyst II
Mallissa,Ridgway,mridgwayq1@archive.org,Female,Meejo,Savelugu,Associate Professor
Vince,Maginn,vmaginnq2@illinois.edu,Male,Eabox,Pingtian,Software Test Engineer I
Demott,Neissen,dneissenq3@state.tx.us,Male,Plajo,Shaxi,Social Worker
Channa,Reyna,creynaq4@list-manage.com,Female,Skilith,Bouça,Director of Sales
Nowell,Dreamer,ndreamerq5@soup.io,Male,Browsezoom,Bayeux,Director of Sales
Mora,Pidgen,mpidgenq6@github.io,Female,Skaboo,Buffalo,Staff Scientist
Algernon,Potell,apotellq7@soup.io,Male,Browsezoom,Kisasa,Office Assistant III
Modesty,Kingston,mkingstonq8@over-blog.com,Female,Zoonder,Carreira,Automation Specialist II
Lemar,Corston,lcorstonq9@nbcnews.com,Male,Dabvine,Houston,Pharmacist
Shelton,Ewart,sewartqa@paginegialle.it,Male,Agivu,Messina,Financial Analyst
Ab,Osbiston,aosbistonqb@google.ru,Male,Bubbletube,Cholet,Accounting Assistant II
Melissa,Ghent,mghentqc@elegantthemes.com,Female,Zoonoodle,Gérakas,Software Engineer I
Georgena,Rude,grudeqd@apache.org,Female,Twimbo,Baltimore,Sales Representative
Gayel,Leitche,gleitcheqe@usa.gov,Female,Vinte,Imeni Tsyurupy,Civil Engineer
Daveta,Mouat,dmouatqf@google.nl,Female,Tambee,Pliska,Safety Technician IV
Kenny,Seago,kseagoqg@nyu.edu,Male,Kwimbee,Ouani,Programmer Analyst I
Silvie,Kullmann,skullmannqh@etsy.com,Female,Vinte,Babushkin,Internal Auditor
Hazel,Staff,hstaffqi@ebay.co.uk,Female,Tambee,Jiazhuang,Help Desk Operator
Virgilio,Kubes,vkubesqj@admin.ch,Male,Vinder,Gaoping,Teacher
Beltran,Silby,bsilbyqk@un.org,Male,Skalith,Yuankeng,Product Engineer
Laurel,Kopfer,lkopferql@ucla.edu,Female,Kaymbo,Vischongo,Speech Pathologist
Gualterio,Denney,gdenneyqm@devhub.com,Male,Wikivu,San José de La Montaña,Senior Quality Engineer
Carlen,Klemensiewicz,cklemensiewiczqn@youtube.com,Female,Kamba,Perrelos,Senior Developer
Aurel,Warin,awarinqo@hp.com,Female,Zoombeat,Cantao-an,Web Developer I
Janot,Izacenko,jizacenkoqp@seattletimes.com,Female,Oozz,Cisewu,Senior Cost Accountant
Nero,Hatherell,nhatherellqq@joomla.org,Male,Skipstorm,Panyuran,Social Worker
Currie,Ceccoli,cceccoliqr@about.me,Male,Leexo,Nossa Senhora do Socorro,Dental Hygienist
Mil,Lujan,mlujanqs@ed.gov,Female,Zazio,Sorang,Registered Nurse
Jackelyn,Bondar,jbondarqt@cafepress.com,Female,Twimm,Paris 12,Tax Accountant
Sigvard,Sorbey,ssorbeyqu@timesonline.co.uk,Male,Kazio,Jiangjiazui,Sales Associate
Eveline,Faley,efaleyqv@wisc.edu,Female,Fanoodle,Tangwang,Web Designer IV
Golda,Barrim,gbarrimqw@boston.com,Female,Skibox,Ipatinga,Recruiting Manager
Fonz,Feltoe,ffeltoeqx@shutterfly.com,Male,Twimbo,Presidencia Roque Sáenz Peña,GIS Technical Architect
Vlad,Heasman,vheasmanqy@eventbrite.com,Male,Buzzbean,Kālābāgh,Payment Adjustment Coordinator
Trudi,Inglesfield,tinglesfieldqz@blinklist.com,Female,Meembee,Obita,Systems Administrator III
Lock,Wordington,lwordingtonr0@yelp.com,Male,Linktype,Melaka,Associate Professor
Priscilla,Bagger,pbaggerr1@furl.net,Female,Skivee,Minneapolis,Account Executive
Gillian,Darko,gdarkor2@census.gov,Female,Cogilith,Kostinbrod,Assistant Media Planner
Misty,Maynard,mmaynardr3@walmart.com,Female,Thoughtstorm,Shatian,Recruiter
Rowan,Vairow,rvairowr4@utexas.edu,Male,Katz,Baizhu,Engineer III
Kennie,Izhakov,kizhakovr5@about.me,Male,Muxo,Selnica,Software Consultant
Hamlen,D'Hooghe,hdhoogher6@answers.com,Male,Abatz,Huangqu,Accountant III
Thomasin,Stucke,tstucker7@twitter.com,Female,Brainsphere,Verona,Nuclear Power Engineer
Artemus,Hanrott,ahanrottr8@jalbum.net,Male,Jabbersphere,Inglewood,Sales Associate
Rhianna,Camings,rcamingsr9@wired.com,Female,Skaboo,Luocun,Environmental Specialist
Filia,Machin,fmachinra@answers.com,Female,Trilia,Mariestad,Nuclear Power Engineer
Marnie,Twelftree,mtwelftreerb@hhs.gov,Female,Devify,Udi,VP Product Management
Gilberto,McIlhatton,gmcilhattonrc@g.co,Male,Yodoo,Baiyin,Clinical Specialist
Leora,Wincom,lwincomrd@networkadvertising.org,Female,Flashpoint,Mayskiy,Civil Engineer
Doyle,Coarser,dcoarserre@tamu.edu,Male,Meedoo,Ipoh,Financial Advisor
Chance,Prichet,cprichetrf@vistaprint.com,Male,Demimbu,Angered,Environmental Tech
Rab,Cookson,rcooksonrg@wix.com,Male,Teklist,Dimitrovgrad,Biostatistician III
Anna-diane,Connerly,aconnerlyrh@paginegialle.it,Female,Yotz,Gotputuk,Nurse
Si,Marchington,smarchingtonri@gizmodo.com,Male,Brainsphere,Bamiantong,Accountant II
Crissy,Rawcliff,crawcliffrj@fema.gov,Female,Pixonyx,Sukaraja,Director of Sales
Vincent,Ovize,vovizerk@hatena.ne.jp,Male,Kamba,Jeju-si,Compensation Analyst
Jarred,Kubyszek,jkubyszekrl@yellowbook.com,Male,Devshare,Yorosso,Analog Circuit Design manager
Adolf,Castanone,acastanonerm@economist.com,Male,Podcat,Saint-Priest,Geological Engineer
Cissy,Eilhertsen,ceilhertsenrn@sciencedaily.com,Female,Browsezoom,Oxelösund,Account Executive
Amalita,Martschik,amartschikro@loc.gov,Female,Demimbu,Rathwire,Nurse
Simone,Fishlock,sfishlockrp@house.gov,Male,Skiptube,Buluangan,Graphic Designer
Riccardo,Whorton,rwhortonrq@meetup.com,Male,Trilith,Sungailiat,Product Engineer
Sheilah,Le Brum,slebrumrr@comsenz.com,Female,Lazz,Khoa,Quality Engineer
