Thorny,tleddie0@csmonitor.com,Male
Kalina,kshoebridge1@apple.com,Female
Kilian,kranderson2@webnode.com,Male
Ellen,eedgar3@ustream.tv,Female
Nehemiah,nnegro4@altervista.org,Male
Scotty,slaugharne5@geocities.jp,Male
Edi,epillington6@ow.ly,Genderqueer
Melloney,mlibrey7@youtube.com,Female
Lenee,llambdean8@ask.com,Female
Charyl,csharma9@statcounter.com,Female
Tod,tyankeeva@over-blog.com,Male
Taber,tberkeleyb@comcast.net,Male
Haily,hslingerc@oakley.com,Male
Sarine,schatelotd@examiner.com,Female
Rivalee,rmacleesee@independent.co.uk,Female
Feodor,fhemberf@pagesperso-orange.fr,Male
Marj,mmorsomg@buzzfeed.com,Genderfluid
Wilhelmine,wlilesh@nytimes.com,Female
Whitney,walejandrii@imgur.com,Male
Craggy,ccaisleyj@aol.com,Male
Beniamino,bdemougeotk@eepurl.com,Male
Winston,wrenzullol@phpbb.com,Male
Hilliard,hmoreym@acquirethisname.com,Male
Dody,dcroisdalln@ebay.co.uk,Female
Gertruda,gcreadyo@gnu.org,Female
Willi,wpeelp@clickbank.net,Male
Zarla,zmasserq@chicagotribune.com,Female
Dewitt,dhalidayr@freewebs.com,Male
Tallie,tjuszkiewiczs@webmd.com,Genderqueer
Delinda,ddenerleyt@facebook.com,Female
Gwendolin,gsimoniu@creativecommons.org,Female
Myrah,melsworthv@hexun.com,Female
Donnamarie,dgiacopelow@stumbleupon.com,Female
Obediah,ocrisallx@acquirethisname.com,Male
Fabiano,fpovlseny@theatlantic.com,Male
Bordy,bscranedgez@prweb.com,Male
Tybie,tpaulisch10@china.com.cn,Female
Domeniga,dshrieve11@house.gov,Female
Ricky,rportis12@wp.com,Male
Nanon,nburdett13@weebly.com,Female
Lil,lpurselow14@mysql.com,Female
Briano,bturfitt15@hatena.ne.jp,Male
Franklin,fpau16@youtube.com,Male
Marybelle,mpenniell17@shutterfly.com,Female
Pauly,pfarlow18@tripadvisor.com,Male
Julietta,jlyddiard19@unblog.fr,Female
Ariadne,awalklot1a@hud.gov,Female
Bernita,bfransewich1b@reverbnation.com,Female
Ania,ameriott1c@tinyurl.com,Female
Corey,cgarbutt1d@buzzfeed.com,Agender
Wilek,wmedforth1e@ihg.com,Genderqueer
Traver,tfylan1f@hexun.com,Male
Lynnett,lquantrill1g@ed.gov,Female
Gordan,gfiggess1h@tumblr.com,Male
Burlie,bseabright1i@constantcontact.com,Male
Nevile,nkilby1j@wikimedia.org,Male
Darci,doneil1k@usgs.gov,Female
Dehlia,dfritzer1l@cbsnews.com,Polygender
Mikel,mbowmaker1m@abc.net.au,Male
Maddie,mmole1n@seattletimes.com,Bigender
Milton,mwhitear1o@issuu.com,Male
Nikola,nturnbull1p@slashdot.org,Male
Heath,hgriffitts1q@alexa.com,Female
Eugene,esonner1r@cnn.com,Male
Buck,bfrick1s@cam.ac.uk,Male
Trumann,tlemonby1t@foxnews.com,Male
Lamont,ltellett1u@ucoz.ru,Male
Prentiss,panstie1v@umich.edu,Male
Sissie,sgetten1w@gnu.org,Female
Stefano,sharfleet1x@abc.net.au,Male
Jerome,jhallford1y@joomla.org,Male
Ashleigh,amacdaid1z@spiegel.de,Female
Renado,rpayler20@wunderground.com,Male
Jaquelin,jjaume21@cornell.edu,Polygender
Talbot,tseage22@blog.com,Male
Meggi,mboggs23@bravesites.com,Female
Caz,ccowderoy24@imgur.com,Male
Willetta,wausello25@github.io,Female
Rey,rskinley26@networksolutions.com,Male
Joete,jtargett27@digg.com,Female
Milzie,mmccormack28@princeton.edu,Female
Theresa,tbarnhart29@admin.ch,Female
Estevan,eblagbrough2a@bloglines.com,Male
Ivan,ivernalls2b@chicagotribune.com,Male
Grady,gantyukhin2c@homestead.com,Male
Sasha,smcreynolds2d@amazon.co.uk,Genderfluid
Kaleb,kbuckie2e@theatlantic.com,Male
Courtnay,cborris2f@hatena.ne.jp,Female
Burty,bgehring2g@soundcloud.com,Male
Willamina,wboatman2h@sourceforge.net,Female
Kelsey,kriccelli2i@accuweather.com,Female
Chev,cerrichi2j@zimbio.com,Male
Antonetta,auccelli2k@so-net.ne.jp,Female
Minne,mbicksteth2l@phoca.cz,Female
Baillie,btipens2m@netscape.com,Male
Anya,ascrauniage2n@slideshare.net,Female
Sula,skippen2o@narod.ru,Female
Gale,gcryer2p@addtoany.com,Male
Alf,ablacker2q@amazon.de,Male
Arv,abuye2r@printfriendly.com,Male
Elsi,emarron2s@tamu.edu,Female
Tiphanie,tfosdike2t@aol.com,Polygender
Benoite,bwhereat2u@ox.ac.uk,Agender
Kelcie,kcoast2v@tinyurl.com,Female
Natalie,neisikowitch2w@blogspot.com,Female
Rhys,rhexham2x@weibo.com,Male
Riane,rjina2y@senate.gov,Female
Herby,hhaigh2z@zdnet.com,Male
Randy,rrove30@washington.edu,Male
La verne,lcouvert31@aboutads.info,Female
Lorilee,ldobby32@woothemes.com,Female
Lilian,lguiel33@economist.com,Female
Lincoln,lwohlers34@canalblog.com,Male
Lionello,lworshall35@163.com,Male
Vikki,vteideman36@nsw.gov.au,Female
Nana,ncrayker37@sourceforge.net,Female
Thibaud,tpendergrast38@com.com,Male
Nickolai,ngayle39@foxnews.com,Male
Constancy,cbraunroth3a@guardian.co.uk,Female
Paton,plefebre3b@state.tx.us,Male
Ricard,rbraz3c@ca.gov,Male
Lay,lcroal3d@unesco.org,Male
Sadella,smcphillips3e@redcross.org,Female
Sully,sdesvignes3f@biglobe.ne.jp,Male
Alis,arushmere3g@oracle.com,Female
Georgie,gkobieriecki3h@buzzfeed.com,Male
Carline,ckiely3i@hexun.com,Non-binary
Andria,afarragher3j@trellian.com,Female
Zak,zoshesnan3k@dyndns.org,Male
Kacy,krolinson3l@shinystat.com,Female
Luciano,lwarrener3m@vkontakte.ru,Male
Gualterio,gprivost3n@ihg.com,Male
Percy,prosenthal3o@issuu.com,Male
Demetris,dkobiela3p@flavors.me,Female
Sibley,samdohr3q@baidu.com,Female
Federico,fadvani3r@msn.com,Male
Audy,atonsley3s@w3.org,Female
Dimitri,dverissimo3t@seattletimes.com,Male
Annadiana,aitzakson3u@google.cn,Female
Dal,ddevereux3v@photobucket.com,Male
Geraldine,gjeffes3w@soundcloud.com,Female
Sondra,sjuliff3x@abc.net.au,Female
Kelly,kliepmann3y@washington.edu,Female
Rheba,rbenning3z@webeden.co.uk,Female
Jillana,jtoe40@diigo.com,Female
Dame,dparkman41@is.gd,Bigender
Mela,mdossit42@istockphoto.com,Female
Jelene,jludwikiewicz43@cam.ac.uk,Female
Chelsy,ccutsforth44@ted.com,Non-binary
Pembroke,parney45@mlb.com,Male
Shana,slude46@arstechnica.com,Female
Salvador,sphilcott47@creativecommons.org,Male
Lucienne,llidington48@hao123.com,Female
Reina,rbucklee49@live.com,Female
Saba,scowins4a@twitpic.com,Female
Phoebe,pbillingsly4b@cbslocal.com,Female
Edi,ekeuneke4c@blog.com,Female
Gayla,gmacbrearty4d@kickstarter.com,Female
Anastassia,acox4e@skyrock.com,Female
Killie,kjiggle4f@tuttocitta.it,Male
Merlina,mgerant4g@apache.org,Female
Homerus,hpavier4h@eepurl.com,Male
Archer,aclevely4i@dyndns.org,Male
Carmelita,cgherardi4j@google.es,Female
Anne-marie,ablasik4k@geocities.com,Female
Theodora,tiveans4l@furl.net,Female
Perl,pwrathall4m@hhs.gov,Female
Phyllys,pcorkan4n@biglobe.ne.jp,Female
Jermaine,jmccarroll4o@va.gov,Male
Percy,phabron4p@miibeian.gov.cn,Male
Bertram,brobarts4q@vinaora.com,Male
Brewster,brees4r@prnewswire.com,Male
Maire,mmothersole4s@shinystat.com,Female
Marwin,mdelgua4t@hp.com,Male
Britteny,bwehden4u@ted.com,Female
Papageno,phandling4v@illinois.edu,Male
Garreth,gmelrose4w@cocolog-nifty.com,Male
Chris,cpurvis4x@cloudflare.com,Male
Scot,shens4y@state.tx.us,Male
Constantina,cpedri4z@narod.ru,Female
Noella,nandri50@goo.gl,Female
Rooney,rstabler51@earthlink.net,Male
Dorthea,dvogelein52@devhub.com,Female
Shawna,sescalera53@theatlantic.com,Female
Arlana,ameys54@unicef.org,Female
Cliff,cfillary55@photobucket.com,Male
Bari,bpandey56@studiopress.com,Female
Andrew,adenslow57@examiner.com,Male
Kale,kfuidge58@edublogs.org,Male
Torre,tgrouer59@stumbleupon.com,Male
Cornell,czink5a@booking.com,Male
Daron,dperri5b@slideshare.net,Male
Jose,jtatters5c@bloglines.com,Male
Candida,cstango5d@cbslocal.com,Genderqueer
Gray,gbyrnes5e@buzzfeed.com,Female
Jeanine,jmccrudden5f@ocn.ne.jp,Genderqueer
Candra,cmacpeice5g@state.tx.us,Female
Loleta,lpodbury5h@addtoany.com,Female
Kellby,kraitt5i@gnu.org,Male
Danica,dbough5j@a8.net,Female
Leroi,lheinonen5k@auda.org.au,Male
Nikola,ndamato5l@elegantthemes.com,Male
Cami,cgionettitti5m@mail.ru,Female
Odo,oboylin5n@sun.com,Male
Ilka,isign5o@wunderground.com,Female
Gertrudis,gsprigg5p@yolasite.com,Female
Whitby,wreditt5q@cdbaby.com,Male
Laetitia,ldudleston5r@businessinsider.com,Female
Krista,ktitcom5s@msn.com,Female
Terrence,tdurbann5t@wikia.com,Male
Jarib,jollarenshaw5u@ebay.co.uk,Male
Paige,pwildes5v@bloomberg.com,Female
Bill,bmacilwrick5w@biglobe.ne.jp,Female
Billye,blindstedt5x@weather.com,Female
Sawyer,skench5y@ox.ac.uk,Male
Theda,tkayes5z@microsoft.com,Female
Ellerey,emabey60@ebay.com,Male
Bartolomeo,bnunson61@webs.com,Male
Shannan,syantsurev62@opera.com,Male
Iona,ifeatonby63@e-recht24.de,Female
Sigismund,sfawthorpe64@elegantthemes.com,Male
Isahella,ibarkhouse65@unicef.org,Female
Gran,gbamling66@mail.ru,Male
Katleen,kwelham67@telegraph.co.uk,Genderqueer
Cleavland,cmabb68@sbwire.com,Male
Rory,rruppertz69@sbwire.com,Female
Valeria,vbumfrey6a@baidu.com,Female
Anabel,aashwood6b@cornell.edu,Female
Florette,fpettendrich6c@unblog.fr,Female
Constance,cvarley6d@xinhuanet.com,Female
Casandra,clinwood6e@icq.com,Female
Sandi,sbolland6f@bbb.org,Female
Ysabel,yaglione6g@unblog.fr,Female
Idelle,iquilliam6h@prlog.org,Female
Elmo,eodger6i@unblog.fr,Male
Emmery,eshadwick6j@patch.com,Male
Claudette,ccoase6k@spiegel.de,Female
Iolanthe,ibirkby6l@google.co.jp,Female
Niel,npleaden6m@redcross.org,Male
Stace,sshevlan6n@themeforest.net,Female
Eirena,ekristoffersson6o@ibm.com,Female
Hannis,hvossgen6p@google.co.uk,Female
Fredia,fjoiris6q@quantcast.com,Female
Shamus,sbelderson6r@geocities.com,Male
Stacy,sburner6s@soup.io,Male
Yorgo,ymate6t@google.com.hk,Male
Vicki,vhoulworth6u@ft.com,Female
Lynde,leggerton6v@cocolog-nifty.com,Female
Pieter,pipsley6w@nba.com,Male
Bogey,bmunnery6x@squarespace.com,Male
Lula,lnutten6y@nhs.uk,Female
Ira,ipilmoor6z@earthlink.net,Male
Audrey,aprinett70@hubpages.com,Female
Rubina,rdeniscke71@parallels.com,Agender
Clara,cswinbourne72@nbcnews.com,Female
Glory,garson73@umn.edu,Female
Hollis,hfeatherbie74@thetimes.co.uk,Male
Emelda,ecoppen75@infoseek.co.jp,Female
Teressa,tfrondt76@dion.ne.jp,Female
Jacques,jcamilio77@php.net,Male
Tonie,teasterfield78@usda.gov,Female
Morris,mlaundon79@chicagotribune.com,Polygender
Julietta,jventam7a@macromedia.com,Female
Ermentrude,eoosthoutdevree7b@jugem.jp,Female
Elberta,eyarwood7c@wordpress.org,Female
Simmonds,srassell7d@xrea.com,Male
Kippie,kcleaton7e@cloudflare.com,Female
Tami,tangerstein7f@trellian.com,Female
Isidor,itinsley7g@ycombinator.com,Male
Korrie,kgiampietro7h@marketwatch.com,Female
Nikolai,nlyenyng7i@freewebs.com,Male
Brantley,bsammonds7j@yellowbook.com,Male
Burlie,bcampelli7k@dion.ne.jp,Male
Galvan,gmcelmurray7l@flavors.me,Male
Reuben,rockenden7m@freewebs.com,Male
Jenna,jdunley7n@photobucket.com,Female
Pat,pwoollard7o@friendfeed.com,Male
Christoffer,cclericoates7p@sbwire.com,Male
Sidoney,sriddoch7q@ted.com,Female
Ax,alaurisch7r@bigcartel.com,Male
Worden,wstracey7s@home.pl,Male
Giorgio,ggosdin7t@cornell.edu,Male
Kala,kdewfall7u@arstechnica.com,Female
Mateo,mbailiss7v@ftc.gov,Polygender
Gilbertina,gmcgowran7w@mayoclinic.com,Female
Burt,bphidgin7x@blogspot.com,Male
Britney,bspours7y@123-reg.co.uk,Female
Powell,pstruther7z@mediafire.com,Male
Eada,emucillo80@techcrunch.com,Female
Zaneta,zmarginson81@blog.com,Female
Claybourne,cminto82@wiley.com,Male
Buddie,bbartlet83@blinklist.com,Male
Cherianne,ckirvin84@biglobe.ne.jp,Female
Ilaire,iduffet85@last.fm,Male
Laureen,lgroombridge86@stanford.edu,Female
Cheslie,ccastello87@i2i.jp,Female
Mindy,mrisdall88@unicef.org,Female
Randi,rvanni89@list-manage.com,Non-binary
Guthry,gbrinson8a@illinois.edu,Male
Anthony,astoaks8b@craigslist.org,Male
Kelli,kdominichelli8c@bbc.co.uk,Female
Terrye,tmungan8d@people.com.cn,Female
Cinda,cmussett8e@webnode.com,Female
Caroljean,cpaireman8f@tumblr.com,Non-binary
Celestine,credborn8g@zdnet.com,Non-binary
Hillary,hmccullen8h@weebly.com,Female
Huntington,hpresman8i@acquirethisname.com,Male
Paquito,pbengefield8j@independent.co.uk,Male
Eadie,eosborne8k@vistaprint.com,Female
Moyra,myurkiewicz8l@xinhuanet.com,Female
Leigh,lthieme8m@nba.com,Male
Sophi,sgehrts8n@nymag.com,Female
Lizette,lflockhart8o@comsenz.com,Female
Roanne,rriste8p@adobe.com,Bigender
Cassondra,cepp8q@sciencedaily.com,Female
Tyrone,tshemwell8r@dyndns.org,Male
Herve,hmattioli8s@mac.com,Male
Katusha,kfeathers8t@nationalgeographic.com,Female
Tanya,tmeriott8u@ning.com,Female
Al,aewestace8v@devhub.com,Male
Kristofer,kcovelle8w@zimbio.com,Genderfluid
Torry,telman8x@dailymotion.com,Bigender
Ryann,rivashnikov8y@yale.edu,Female
Artair,awolters8z@indiegogo.com,Male
Araldo,ahallsworth90@sohu.com,Male
Gregorius,gcoppeard91@adobe.com,Male
Frederique,fthreader92@bloglines.com,Female
Janifer,jfurmston93@reference.com,Female
Belita,bmatousek94@furl.net,Female
Jeffrey,jshakle95@tamu.edu,Male
Warden,wricharz96@bluehost.com,Male
Elie,evanhaeften97@ucla.edu,Female
Electra,echecklin98@nhs.uk,Female
Saunder,sfrankel99@com.com,Male
Redd,rveschambes9a@foxnews.com,Male
Raye,rwillcott9b@ezinearticles.com,Female
Maddy,mcadlock9c@addthis.com,Female
Rodge,rsissens9d@csmonitor.com,Genderqueer
Eliot,elamas9e@163.com,Male
Tamra,tpirouet9f@ezinearticles.com,Female
Terese,tweyland9g@goodreads.com,Female
Lenee,lopenshaw9h@topsy.com,Female
Mozelle,mavieson9i@about.me,Female
Dallon,dclausewitz9j@java.com,Male
Toma,tcuree9k@altervista.org,Female
Yurik,ygodleman9l@redcross.org,Male
Tresa,twherry9m@studiopress.com,Female
Desmond,dmatushenko9n@aol.com,Male
Noble,ncurness9o@apple.com,Male
Lance,laldhous9p@printfriendly.com,Male
Hort,hradish9q@domainmarket.com,Male
Alard,ahuzzay9r@sphinn.com,Male
Jewell,jfibbens9s@squidoo.com,Female
Chester,cpenniell9t@mashable.com,Male
Magnum,mgiovannini9u@phpbb.com,Male
Babara,bvonderempten9v@npr.org,Female
Goldina,gharrigan9w@w3.org,Female
Alvan,ahiorn9x@baidu.com,Male
Adiana,agristock9y@blinklist.com,Female
Gordie,gliles9z@etsy.com,Male
Ryley,rverlinga0@ca.gov,Male
Nonna,nernia1@cargocollective.com,Female
Benedikt,bdarridona2@shop-pro.jp,Male
Phillipp,ppreciousa3@theguardian.com,Male
Meredithe,mfrouda4@google.nl,Female
Merrily,meastbya5@epa.gov,Female
Nicola,nvonoertzena6@e-recht24.de,Male
Alyssa,aayarsa7@shop-pro.jp,Female
Kristyn,krihaneka8@scientificamerican.com,Non-binary
Hartwell,hdoxseya9@biglobe.ne.jp,Male
Nealon,nbondyaa@google.com.hk,Male
Cordey,cseifertab@so-net.ne.jp,Genderfluid
Barton,bloadsac@pen.io,Male
Caryn,ckendalad@chron.com,Female
Tierney,tribeyae@1und1.de,Female
Emery,ebedwardaf@istockphoto.com,Male
Mallissa,mbevesag@dropbox.com,Female
Bobina,bwoodisonah@slate.com,Female
Keen,kvernhamai@delicious.com,Male
Butch,bduiguidaj@cornell.edu,Male
Panchito,pkilduffak@ehow.com,Male
Arda,agrahlmansal@senate.gov,Female
Maud,mdeblasioam@yahoo.co.jp,Female
Arlana,abedburyan@patch.com,Female
Sergei,sfluinao@google.pl,Male
Tamas,tbutap@gov.uk,Genderfluid
Benedikt,bsteanaq@clickbank.net,Male
Rosalie,rdensellar@list-manage.com,Female
Alexine,acasperrias@nydailynews.com,Female
Jessee,jghestat@china.com.cn,Male
Kristoffer,kstockneyau@godaddy.com,Male
Augustine,ascothorneav@businessinsider.com,Male
Bernice,bduthieaw@cargocollective.com,Female
Garfield,gdulieuax@cbsnews.com,Male
Elle,ehoffmannay@phpbb.com,Female
Emory,ezoanettiaz@cargocollective.com,Male
Marne,mmcmurrughb0@google.fr,Genderfluid
Lizbeth,lfitkinb1@wufoo.com,Female
Fletch,fwillingaleb2@dropbox.com,Male
Ezechiel,egrinawayb3@hao123.com,Male
Kariotta,kcoventonb4@apache.org,Female
Phip,pburgotb5@bizjournals.com,Male
Antoni,aaxtonb6@cbc.ca,Male
Taddeusz,tashfullb7@youtube.com,Male
Trudi,tkleinholzb8@loc.gov,Female
Quentin,qbusselb9@edublogs.org,Female
Feliza,fgiffinba@fastcompany.com,Female
Elwyn,efrerebb@google.co.jp,Male
Gavin,grizzobc@posterous.com,Male
Sidnee,sszubertbd@ft.com,Male
Neils,ndunseathbe@blinklist.com,Male
Wendi,wmcgairlbf@hhs.gov,Female
Kermy,klearmondbg@webnode.com,Male
Ashien,ahechlinbh@whitehouse.gov,Female
Cathlene,ckerfootbi@chron.com,Female
Bamby,bostickbj@skype.com,Female
Nels,nharbybk@wikia.com,Male
Muire,mcolletebl@rakuten.co.jp,Female
Ann,alhommebm@nature.com,Female
Kleon,kcamusbn@tumblr.com,Male
Sheff,sshrubshallbo@w3.org,Male
Thorsten,tdutnellbp@live.com,Male
Jacklyn,jmantzbq@msu.edu,Female
Anastasie,asteanebr@oaic.gov.au,Female
Wendye,wteresebs@aol.com,Female
Sigismundo,sstockallbt@dion.ne.jp,Male
Cletis,clesarrbu@com.com,Male
Ilene,ihawgoodbv@360.cn,Female
Sim,sabramovitchbw@goodreads.com,Male
Devina,dcullimorebx@blinklist.com,Female
Vanya,vowtramby@miitbeian.gov.cn,Male
Sadella,sspoorsbz@imdb.com,Agender
Brenda,bbantockc0@umich.edu,Female
Kaile,kwrennallc1@huffingtonpost.com,Female
Anderson,alefeuvrec2@dagondesign.com,Male
Erika,ehousbeyc3@wp.com,Female
Priscella,pdeamc4@sciencedaily.com,Female
Ewan,echarettec5@usa.gov,Genderqueer
Denney,dvahlc6@altervista.org,Male
Louisette,lhoylesc7@quantcast.com,Female
Eddie,ecriellyc8@flickr.com,Agender
Donna,drosthornc9@addthis.com,Female
Elnar,etomaszczykca@w3.org,Male
Gwyn,glamlincb@scientificamerican.com,Female
Emmye,efinnickcc@smh.com.au,Female
Milka,mcordingleycd@telegraph.co.uk,Female
Coop,cgerattce@exblog.jp,Male
Dirk,dwithringtencf@time.com,Male
Dot,dconneelycg@ebay.co.uk,Female
Salmon,sarcherch@51.la,Non-binary
Eugenio,eschaperoci@ustream.tv,Male
Andie,akaesmanscj@answers.com,Non-binary
Priscilla,pburthomck@blinklist.com,Female
Guillema,gdranecl@dagondesign.com,Female
Elinore,ewoodnuttcm@desdev.cn,Female
Cecilia,cdericotcn@princeton.edu,Female
Waylan,wsaldlerco@ning.com,Male
Maryanne,mcardenosacp@angelfire.com,Female
Elijah,ecuddecq@japanpost.jp,Male
Harlene,hdanskencr@whitehouse.gov,Female
Clyve,cvasiljeviccs@ebay.co.uk,Male
Olly,oblaslict@exblog.jp,Female
Darb,dfarnescu@biblegateway.com,Male
Willetta,weasthopecv@samsung.com,Genderfluid
Etheline,eacostacw@slideshare.net,Female
Tessie,tcodemancx@independent.co.uk,Female
Xever,xcoulthartcy@123-reg.co.uk,Male
Inger,ilaundercz@businessweek.com,Male
Gasper,gimlockd0@blogtalkradio.com,Male
Merilee,mfarnfieldd1@infoseek.co.jp,Agender
Monah,mwerrettd2@narod.ru,Female
Geoffrey,gadsheadd3@hexun.com,Male
Janifer,jpitsond4@intel.com,Female
Philomena,ppenked5@github.io,Female
Noemi,nmcgahernd6@geocities.com,Female
Wanids,wbestond7@amazon.co.uk,Female
Bernadina,bferread8@skyrock.com,Female
Dolph,dpetitd9@princeton.edu,Male
Arleen,acobbeda@upenn.edu,Female
Gabriellia,gbraundsdb@flickr.com,Female
Alard,asterredc@desdev.cn,Male
Jacinda,jpollockdd@tamu.edu,Polygender
Barbabas,bcardinalde@edublogs.org,Male
Marylynne,mgilliatdf@themeforest.net,Female
Pammi,pklimashevichdg@seesaa.net,Female
Cathryn,chatliffedh@nbcnews.com,Female
Moria,mmcgennisdi@dmoz.org,Female
Otto,obushawaydj@sun.com,Non-binary
Burnard,bstigersdk@huffingtonpost.com,Male
Rubie,rteffreydl@360.cn,Female
Celia,cpenrithdm@amazonaws.com,Non-binary
Munroe,mtruemandn@huffingtonpost.com,Male
Merridie,mgooderedo@soup.io,Female
Adoree,adurrelldp@examiner.com,Non-binary
Aubine,arumforddq@dailymail.co.uk,Agender
Teador,tduckinfielddr@4shared.com,Male
Merry,mwhartonds@mlb.com,Male
Sharity,slantaphdt@parallels.com,Female
Mitchel,mvaudreydu@chronoengine.com,Non-binary
Lesly,lburminghamdv@pcworld.com,Female
Chrissie,cfirkdw@blogtalkradio.com,Male
Steffi,sdevonportdx@istockphoto.com,Polygender
Shelden,scordetdy@bandcamp.com,Bigender
Norby,njorgensendz@about.com,Male
Zachery,zlloydse0@fda.gov,Male
Katherina,kblazeye1@unicef.org,Female
Brigitte,bsandrye2@npr.org,Female
Wyatt,wstedelle3@fema.gov,Male
Abey,asilversone4@china.com.cn,Male
Andrey,aasalse5@meetup.com,Male
Natasha,ngrigoryeve6@msu.edu,Female
Cassaundra,cloughrene7@mayoclinic.com,Female
Levi,ltomaszynskie8@reverbnation.com,Male
Howard,hrickettse9@ning.com,Genderfluid
Cammie,cmorea@cnet.com,Female
Ailene,athoresbyeb@foxnews.com,Female
Raff,rbroxholmeec@tumblr.com,Male
Ximenes,xallsebrooked@spiegel.de,Male
Erny,eadamoee@ucsd.edu,Bigender
Godart,gsilvermanef@mozilla.org,Male
Viv,vibbotsoneg@edublogs.org,Bigender
Perren,pwaggatteh@arstechnica.com,Male
Forster,fadanei@oracle.com,Male
Modesta,mhowdenej@livejournal.com,Female
Barri,bcuffeek@oakley.com,Male
Ulrich,ugrealyel@barnesandnoble.com,Male
Corabella,ccamerelloem@chronoengine.com,Female
Malissia,mbiasionien@harvard.edu,Non-binary
Karlan,kloomeseo@parallels.com,Male
Justina,jcallisterep@tinyurl.com,Female
Glendon,gtanswilleq@vkontakte.ru,Male
Ashli,ayegorshiner@skyrock.com,Female
Creighton,ckiehles@tumblr.com,Male
Mark,msproulet@blogtalkradio.com,Non-binary
Geoffry,gmadeleyeu@bigcartel.com,Male
Perry,pgommeyev@huffingtonpost.com,Female
Lethia,lbraveew@webs.com,Female
Drusie,daylettex@goo.gl,Non-binary
Wallache,wgymblettey@tamu.edu,Genderqueer
Kerk,kinchleyez@a8.net,Male
Fremont,fbredgelandf0@joomla.org,Male
Staffard,sgribbinf1@spiegel.de,Male
Reuven,rjirsaf2@irs.gov,Male
Kaitlynn,kpicardof3@oakley.com,Bigender
Marena,mhollidgef4@buzzfeed.com,Female
Delmore,dpassef5@infoseek.co.jp,Male
Abel,amurchf6@cbsnews.com,Male
Martie,mneillf7@alibaba.com,Male
Sarene,scaryf8@printfriendly.com,Female
Marika,mtowseyf9@illinois.edu,Female
Eddie,edevonsidefa@zdnet.com,Male
Darcee,dmasselfb@newsvine.com,Female
Carney,cchaudhryfc@zimbio.com,Male
Jonis,jgashionfd@zdnet.com,Bigender
Knox,kkinnardfe@shutterfly.com,Male
Lazaro,lrodrigff@boston.com,Male
Venita,vbosherfg@canalblog.com,Female
Portia,pallewayfh@sfgate.com,Female
Umberto,uakesterfi@ox.ac.uk,Male
Fredia,fruprichfj@lycos.com,Female
Allie,abartelfk@guardian.co.uk,Male
Donnamarie,dmcgroutherfl@macromedia.com,Genderqueer
Wilma,whaquardfm@edublogs.org,Female
Bret,bcoulsonfn@pen.io,Male
Jeramey,jlorrainfo@japanpost.jp,Male
Joy,jgosforthfp@delicious.com,Female
Dieter,dbettisfq@yale.edu,Male
Michale,mbeesonfr@globo.com,Male
Marney,mdoorefs@behance.net,Female
Randy,rautieft@nydailynews.com,Male
Raphael,rwilcottfu@stumbleupon.com,Male
Hart,hmaccambridgefv@mapquest.com,Male
Freida,fcozensfw@state.gov,Female
Lynnet,lgribbenfx@ca.gov,Bigender
Truda,tmicheletfy@wordpress.org,Female
Sarita,sadcocksfz@homestead.com,Female
Zelig,zfrobisherg0@nbcnews.com,Male
Forrester,fvasing1@va.gov,Male
Jayme,jheninghemg2@virginia.edu,Female
Cleveland,ccluesg3@goo.ne.jp,Male
Cassie,ccalbratheg4@economist.com,Male
Moritz,mbruhkeg5@tiny.cc,Male
Filberte,fstoyleg6@ibm.com,Male
Eleonora,ebrogiottig7@mysql.com,Female
Loella,ldellascalag8@chronoengine.com,Female
Herminia,hlountg9@printfriendly.com,Female
Therine,tsnoxillga@dropbox.com,Female
Linnie,lsheringtongb@wufoo.com,Female
Errol,eoddygc@mozilla.org,Male
Chick,cjubbgd@tuttocitta.it,Male
Arty,awilemange@nasa.gov,Male
Janelle,jpassegf@google.es,Non-binary
Sandor,smcvronegg@marketwatch.com,Male
Renaud,rlonghurstgh@blogger.com,Polygender
Abbey,acraykergi@issuu.com,Female
Emylee,eohmgj@fema.gov,Female
Jaquith,jmatousgk@e-recht24.de,Female
Shirlene,smacpadenegl@springer.com,Female
Candide,cglaisnergm@bravesites.com,Female
Hollie,hedwardgn@google.com.br,Female
Florella,ffinleygo@utexas.edu,Female
Nanice,ngrombridgegp@cbsnews.com,Female
Joela,jtotarogq@techcrunch.com,Female
Sylvia,ssparkgr@reddit.com,Female
Penny,pgilleongs@ihg.com,Male
Dorolisa,dproudlergt@discovery.com,Polygender
Germain,gduffriegu@amazon.co.uk,Male
Rickard,rhaddestongv@businessinsider.com,Male
Antonella,anieldgw@nyu.edu,Female
Temp,tswaloughgx@yahoo.com,Male
Toby,tpomfrettgy@ocn.ne.jp,Male
Hazel,hgarstangz@merriam-webster.com,Male
Dotty,dpentonh0@bandcamp.com,Female
Annamaria,ajenckesh1@dailymotion.com,Female
Quill,qpecheth2@geocities.jp,Male
Illa,ihoodlassh3@amazon.co.jp,Female
Helaine,hmccleanh4@toplist.cz,Non-binary
Alanna,akolyaginh5@statcounter.com,Female
Remy,rklampkh6@purevolume.com,Female
Loreen,lmccrorieh7@skype.com,Female
Zorah,zcossemh8@csmonitor.com,Female
Larry,lwhitloeh9@examiner.com,Male
Rickard,rregisha@printfriendly.com,Male
Mei,movanesianhb@acquirethisname.com,Female
Frans,fmynerhc@chron.com,Male
Cosette,cfilyukovhd@youku.com,Female
Worden,wburniphe@a8.net,Genderfluid
Trefor,tdallmannhf@booking.com,Male
Margarette,mvolkehg@angelfire.com,Female
Godfrey,gsambrokhh@goo.gl,Male
Eamon,ekelseyhi@cornell.edu,Male
Leta,lfairweatherhj@free.fr,Female
Jonathon,jbrauntonhk@ustream.tv,Genderqueer
Gavra,gmacdowalhl@fda.gov,Female
Rollins,rnorvillhm@auda.org.au,Male
Aurora,atythehn@msn.com,Female
Archambault,alernerho@phoca.cz,Male
Micheal,mcarenhp@apache.org,Male
Teddy,tministerhq@mac.com,Male
Sidoney,sshillinghr@ucsd.edu,Female
Willamina,wjenckenhs@weebly.com,Female
Gretta,gdugmoreht@yellowpages.com,Female
Viviyan,vbottonerhu@utexas.edu,Female
Grove,glanfranconihv@shinystat.com,Male
Sayre,stobinhw@eepurl.com,Male
Mirella,mleerehx@cafepress.com,Female
Mara,molderhy@wired.com,Female
Tarra,tferneleyhz@scientificamerican.com,Female
Hollie,hsamarti0@networkadvertising.org,Female
Dani,dbouldingi1@unblog.fr,Male
Eustace,epettefordi2@blogs.com,Male
Cathleen,clevanei3@nhs.uk,Female
Pandora,pgarmonsi4@usnews.com,Female
Fanchette,fspreyi5@seesaa.net,Female
Zebulon,zcraikeri6@google.com.au,Bigender
Lazar,llefleyi7@china.com.cn,Male
Alan,aduddelli8@hc360.com,Male
Port,ptrusslovei9@phpbb.com,Bigender
Paul,pkristufekia@nbcnews.com,Male
Meredith,mquippib@aol.com,Male
Melany,mblindic@ocn.ne.jp,Female
Cassy,cplacidiid@multiply.com,Female
Slade,sprestlandie@amazon.co.uk,Male
Farley,fchappleif@nba.com,Male
Alastair,asprulesig@timesonline.co.uk,Male
Rafaelia,rkmieciakih@whitehouse.gov,Female
Emery,emowlamii@github.com,Male
Davina,dmillomij@hibu.com,Female
Tonnie,tpetreczik@delicious.com,Male
Aeriela,aalesioil@people.com.cn,Female
Suzie,slinceim@google.com,Female
Kelsey,kdeverin@reuters.com,Male
Ermin,efawbertio@desdev.cn,Male
Keenan,kmaccumiskeyip@networkadvertising.org,Male
Lloyd,ldomelawiq@free.fr,Male
Innis,iduffillir@answers.com,Male
Jodi,jandreucciis@ameblo.jp,Female
Wilow,wsavellit@biglobe.ne.jp,Female
Ebba,ecallinaniu@purevolume.com,Female
Port,pproughteniv@t-online.de,Male
Marta,mhoodlassiw@123-reg.co.uk,Female
Frank,fcalowix@typepad.com,Female
Klara,kmareniy@eventbrite.com,Female
Timi,tmossiz@latimes.com,Female
Lonnie,lbastockj0@hibu.com,Male
Kasper,kollerearnshawj1@archive.org,Male
Byran,breej2@aol.com,Male
Colline,cabelevitzj3@live.com,Female
Roseann,rcornforthj4@weather.com,Genderfluid
Barbee,bdowerj5@dailymotion.com,Female
Annabal,adaulbyj6@state.gov,Female
Eunice,esabanj7@accuweather.com,Female
Phaedra,pmcpeetersj8@berkeley.edu,Female
Palmer,pewbachj9@jigsy.com,Male
Panchito,pbrennanja@mac.com,Male
Elvyn,epamplingjb@ning.com,Male
Lonnie,libbesonjc@google.com,Male
Brandise,bhowlinjd@apache.org,Female
Windham,wmarshamje@themeforest.net,Male
Janeva,jtoplissjf@wordpress.com,Female
Hugues,hcoyettjg@chron.com,Male
Wilbur,whaywardjh@cnet.com,Male
Chrotoem,cbariballji@miibeian.gov.cn,Male
Lucien,lbradbrookjj@nhs.uk,Male
Zedekiah,zcodnerjk@freewebs.com,Male
Matias,mtideswelljl@seattletimes.com,Non-binary
Van,vportwainejm@baidu.com,Female
Cristie,caugustinejn@aol.com,Female
Trstram,teasthopejo@sun.com,Male
Allie,asoamejp@salon.com,Male
Georgena,gmcalinejq@amazon.com,Female
Nessa,nhappeljr@over-blog.com,Female
Marijo,mbiddlesjs@topsy.com,Female
Cosette,clillegardjt@nature.com,Female
Kippie,kwilsherju@narod.ru,Female
Vivi,velgoodjv@hhs.gov,Female
Adelbert,apidcockjw@ebay.co.uk,Male
Tori,tdelhayjx@people.com.cn,Female
Arnaldo,aoluwatoyinjy@mysql.com,Male
Danya,dcowderoyjz@ibm.com,Male
Patti,peaclek0@va.gov,Female
Gallard,gtamplink1@ezinearticles.com,Male
Annice,azanetellok2@jugem.jp,Female
Lynn,lblackiek3@ft.com,Female
Mavra,mcoreyk4@ca.gov,Female
Ervin,espeedingk5@earthlink.net,Male
Anatollo,asenettk6@mac.com,Male
Ketty,khelbeckk7@elegantthemes.com,Female
Gustavus,gvicentk8@umich.edu,Male
Alina,ajeacockek9@amazon.de,Female
Rhianna,rmonanka@constantcontact.com,Female
Almeria,aleprovestkb@sourceforge.net,Female
Randal,randrusovkc@gov.uk,Male
Ruby,rbrazeltonkd@si.edu,Genderqueer
Bernhard,bpritchittke@washington.edu,Male
Findlay,fmosdellkf@youtube.com,Male
Ada,agoodredkg@si.edu,Female
Reinaldo,rhellsdonkh@blogger.com,Male
Saree,sormshawki@psu.edu,Female
Rosalia,rmcpeicekj@vinaora.com,Female
Jamie,jcamlinkk@twitpic.com,Female
Colas,cplykl@shareasale.com,Male
Haroun,hguerrerokm@ask.com,Male
Payton,ptrammelkn@xinhuanet.com,Male
Urbanus,uthomssonko@123-reg.co.uk,Male
Norah,npinxtonkp@skyrock.com,Female
Petronille,phardypigginkq@jalbum.net,Female
Egor,eseegerkr@e-recht24.de,Male
Rolph,rinskippks@squidoo.com,Male
Tadeas,tebbottskt@accuweather.com,Male
Miner,mlundieku@china.com.cn,Male
Christabel,ctoshkv@google.com.hk,Female
Jarrad,jhiscoekw@photobucket.com,Male
Astrix,agoulstonkx@ted.com,Polygender
Esmaria,eoffieldky@nsw.gov.au,Female
Auroora,alambswoodkz@hao123.com,Female
Shelley,slardinerl0@paypal.com,Female
Karlik,kcutlerl1@lycos.com,Male
Josi,jmorenol2@adobe.com,Female
Pamelina,prosengartl3@washington.edu,Female
Sidonia,shelsdonl4@biblegateway.com,Female
Salomi,skirrensl5@comsenz.com,Female
Eachelle,edowdeswelll6@reuters.com,Female
Lonna,lheeranl7@mysql.com,Female
Rachelle,ralwayl8@sina.com.cn,Female
Sandra,sbernocchil9@furl.net,Female
Burty,bleheudela@berkeley.edu,Male
Dalila,dscoineslb@4shared.com,Female
Pearla,pcronelc@independent.co.uk,Female
Priscella,pdrayeld@youtube.com,Female
Neale,ntesaurole@plala.or.jp,Male
Gordy,gmclukielf@bloglines.com,Male
Herold,heyerslg@shop-pro.jp,Genderfluid
Rhodie,rsuddocklh@nymag.com,Female
Conrade,cgrevelli@canalblog.com,Male
Merrel,mfranelj@ftc.gov,Male
Wynny,wgoodricklk@xrea.com,Female
Pris,parthargll@dedecms.com,Female
Terrell,tbeurichlm@biglobe.ne.jp,Male
Remus,rwitherbyln@nytimes.com,Male
Jeno,jlidgatelo@dot.gov,Genderqueer
Carolina,chardernlp@hp.com,Female
Nicky,npeverelllq@multiply.com,Male
Karoly,kstraingelr@illinois.edu,Male
Abbey,aaronovichls@devhub.com,Male
Esmeralda,eredfernelt@economist.com,Female
Casey,cmasseylu@seattletimes.com,Female
Loralyn,lplanklv@4shared.com,Female
Mozes,mmaiseylw@aol.com,Male
Rina,rpettegrelx@acquirethisname.com,Female
Torry,tsavatierly@tiny.cc,Male
Alfonso,acasfordlz@t.co,Male
Ax,acopseym0@indiatimes.com,Male
Sherman,sderochem1@ed.gov,Male
Cob,cmiddlemissm2@wikimedia.org,Genderfluid
Dmitri,dgeraultm3@omniture.com,Male
Latashia,lmallinderm4@cafepress.com,Female
Balduin,bfurnellm5@ebay.com,Male
Della,dudiem6@miitbeian.gov.cn,Female
Flossie,fclausm7@oaic.gov.au,Genderqueer
Rita,rmeesonm8@shutterfly.com,Female
Deloris,dbatkinm9@people.com.cn,Female
Kristopher,kdumberellma@tamu.edu,Male
Whitman,wjovismb@ebay.co.uk,Male
Bride,bmatysikmc@clickbank.net,Female
Brady,bloosmd@multiply.com,Male
Fitz,fspawforthme@macromedia.com,Male
Leo,lvearmf@zimbio.com,Male
Ofilia,ofoylemg@squidoo.com,Female
Julian,jcicchillomh@nps.gov,Polygender
Roland,rklimschakmi@naver.com,Male
Florette,fsharermj@timesonline.co.uk,Female
Milty,msommermk@japanpost.jp,Male
Davon,dgaskinsml@sciencedaily.com,Male
Gibbie,gmacuramm@diigo.com,Male
Irvine,ibausermn@artisteer.com,Male
Deerdre,drudemo@hhs.gov,Female
Maris,mlangranmp@europa.eu,Female
Demetris,dcowgillmq@shinystat.com,Agender
Della,dkeammr@dagondesign.com,Female
Nickolaus,nfishpoolms@godaddy.com,Male
Ferne,fgristhwaitemt@squidoo.com,Female
Carlyn,cethelstonmu@amazon.co.uk,Genderfluid
Zea,zloughanmv@addtoany.com,Female
Burtie,bpylkynytonmw@51.la,Male
Essa,enurdenmx@toplist.cz,Female
Jourdan,jclivemy@github.com,Genderfluid
Gage,gdandymz@hugedomains.com,Male
Tuckie,tsmallbonen0@archive.org,Male
Raymond,rhutchcraftn1@alibaba.com,Male
Nickie,nmanharen2@slate.com,Female
Wolfy,wpargentn3@un.org,Male
Les,ljacquemen4@unc.edu,Male
Melodie,mantyukhinn5@google.cn,Female
Lusa,lllopisn6@archive.org,Female
Abbey,apilleyn7@storify.com,Female
Gawen,grisboroughn8@odnoklassniki.ru,Male
Broderic,bparramn9@typepad.com,Male
Zarah,zoffenna@reddit.com,Female
Milly,mkrammernb@jigsy.com,Female
Marillin,mbirtleync@so-net.ne.jp,Female
Raff,rpontennd@buzzfeed.com,Male
Aube,arommene@gravatar.com,Male
Margareta,mnoninf@youtu.be,Female
Idell,ilenehamng@typepad.com,Female
Violante,vklimochkinnh@deviantart.com,Female
Letitia,lfinckeni@sciencedirect.com,Non-binary
Zacherie,zcuddehynj@state.tx.us,Male
Aurelia,abernolletnk@vinaora.com,Female
Jareb,jluternl@gravatar.com,Male
Patti,pilbertnm@weebly.com,Female
Jillie,jsiggsnn@discuz.net,Female
Nico,ndecourseyno@vistaprint.com,Male
Scarface,swallentinnp@wordpress.org,Male
Ollie,ohovynq@google.ca,Female
Kile,kpalombinr@spotify.com,Male
Angie,agrzesns@zdnet.com,Male
Patin,phornungnt@amazon.de,Male
Philipa,paloiginu@howstuffworks.com,Female
Ilse,ifurmagenv@xing.com,Female
Theobald,tnawtonnw@seattletimes.com,Male
Druci,drichelnx@google.nl,Female
Carlita,cjenksny@latimes.com,Female
Lawton,lkilbridenz@amazonaws.com,Male
Ruperto,rarneo0@whitehouse.gov,Male
Caresse,ckennano1@dailymail.co.uk,Female
Lorelei,lgodneyo2@jiathis.com,Female
Chiarra,cloiseauo3@spiegel.de,Female
Rorke,rmcilwreatho4@sitemeter.com,Male
Joellen,jbarckeo5@feedburner.com,Female
Vinnie,vmcnultyo6@dell.com,Female
Dee,dmarzellanoo7@reddit.com,Female
Arthur,aandrisso8@ted.com,Genderfluid
Rudiger,rishako9@hibu.com,Male
Giulia,gandrejevicoa@rediff.com,Female
Emelia,efeehanob@spotify.com,Female
Colleen,cgallifontoc@eventbrite.com,Female
Jarrod,jmcgroartyod@army.mil,Male
Willamina,wquinnetteoe@4shared.com,Non-binary
Hallsy,hblaszczakof@woothemes.com,Male
Bartholomeo,bsilbersakog@t.co,Male
Jobye,juccellioh@oaic.gov.au,Female
Tedd,thallardoi@webeden.co.uk,Male
Renaud,rmcmurdooj@theguardian.com,Male
Carmella,csalsburyok@parallels.com,Female
Otes,odearesol@seesaa.net,Polygender
Paco,pmordanom@bbc.co.uk,Male
Ariadne,agilloranon@usatoday.com,Female
Nyssa,nmusellioo@mozilla.com,Female
Dunc,dgreggsop@opera.com,Male
Nananne,nurridgeoq@thetimes.co.uk,Female
Everett,eebbuttor@wsj.com,Male
Rinaldo,rshawos@miitbeian.gov.cn,Male
Der,dtemblettot@globo.com,Male
Cullan,cstrottonou@studiopress.com,Male
Aldus,aairdsov@apple.com,Male
Tymon,tdarwenow@vkontakte.ru,Male
Leonelle,lcholtonox@yale.edu,Genderqueer
Saleem,sferrellioy@hp.com,Male
Sampson,sclearleyoz@examiner.com,Male
Gilbertina,gfarrynp0@thetimes.co.uk,Female
Reinald,rvinaup1@phoca.cz,Male
Eliza,ebowshirep2@google.com.au,Female
Germain,gzealp3@nifty.com,Male
Bealle,bkearlep4@disqus.com,Agender
Janetta,jwenderottp5@home.pl,Female
Ebeneser,eogleviep6@miitbeian.gov.cn,Male
Maurene,mmcnessp7@skyrock.com,Female
Eliza,edignamp8@unc.edu,Female
Adolf,alockheadp9@wikispaces.com,Male
Ruddie,rdorypa@nationalgeographic.com,Male
Cindra,ccomettipb@technorati.com,Female
Allister,ajorrypc@phoca.cz,Male
Emmy,ewizpd@cafepress.com,Male
Vanya,vosbornepe@lycos.com,Genderfluid
Olva,ojustepf@flavors.me,Female
Paolo,pjakubowskypg@biblegateway.com,Genderqueer
Tamara,tleedalph@goo.gl,Genderfluid
Megen,mevangelinospi@rakuten.co.jp,Female
Gar,ghailwoodpj@zimbio.com,Male
Maible,mleonidapk@reddit.com,Female
Trista,tworlidgepl@blogtalkradio.com,Female
Mollie,mchassonpm@mapquest.com,Female
Silvester,saitchinsonpn@unesco.org,Male
Tiphany,tblagburnpo@blogs.com,Female
Christina,cfalkspp@admin.ch,Female
Patrizia,praitpq@google.es,Female
Vicky,vhigginbottampr@wisc.edu,Female
Susann,smewhirterps@mapy.cz,Female
Tova,tundrellpt@theglobeandmail.com,Female
Marcy,mlongsonpu@amazon.com,Female
Pavia,pwebberpv@cloudflare.com,Female
Teresita,tcratchleypw@usgs.gov,Female
Martie,mhavvockpx@illinois.edu,Non-binary
Welby,wgaddespy@ezinearticles.com,Male
Winnie,wstretepz@weather.com,Genderqueer
Haily,harblasterq0@slate.com,Female
Griffin,galennikovq1@twitter.com,Male
Siward,sjoronq2@etsy.com,Male
Betteanne,bfreeburnq3@addthis.com,Female
Kaspar,kmaunq4@flavors.me,Male
Harlin,hsherbrookeq5@businessinsider.com,Male
Mart,mbahikeq6@blogs.com,Male
Margo,mwadworthq7@usatoday.com,Female
Hewett,hdevileq8@economist.com,Male
Delia,dorridgeq9@uol.com.br,Female
Chrisse,csloperqa@gravatar.com,Male
Olenka,owaldockqb@princeton.edu,Female
Noellyn,nszymczykqc@eepurl.com,Female
Bonnee,bjudronqd@berkeley.edu,Female
Terrill,tfydoqe@linkedin.com,Male
Antonella,adevennyqf@pinterest.com,Female
Sigmund,ssmallmanqg@sohu.com,Non-binary
Connie,clacosteqh@omniture.com,Male
Nealson,nandreassonqi@statcounter.com,Male
Gretchen,gitzkoviciqj@cbc.ca,Female
Noe,nmacarthurqk@biblegateway.com,Male
Mellisent,mdimitrovql@ibm.com,Female
Rozele,rwyardqm@archive.org,Female
Marshall,msmalecombeqn@moonfruit.com,Male
Rolando,rbloschkeqo@nps.gov,Male
Crin,cbertomeqp@edublogs.org,Female
Elora,edoneqq@addtoany.com,Female
Culver,cbertwistleqr@vkontakte.ru,Male
Dot,dtrobeqs@opera.com,Female
Fleurette,fmillwardqt@constantcontact.com,Female
Quent,qcrightonqu@jalbum.net,Male
Alane,asnaryqv@salon.com,Female
Ada,agreenshieldsqw@sina.com.cn,Female
Delmor,dbernardosqx@netlog.com,Male
Brandyn,bharrinsonqy@soup.io,Male
Krissy,ksansqz@unc.edu,Female
Eudora,edommersenr0@nhs.uk,Female
Octavius,oaingellr1@reuters.com,Male
Shurlocke,sfaudrier2@aol.com,Genderfluid
Carolann,cbaleiner3@cargocollective.com,Bigender
Beth,bnoakesr4@freewebs.com,Female
Devland,dephsonr5@dell.com,Agender
Phillipe,phalladr6@umich.edu,Male
Emelia,esandr7@jiathis.com,Female
Johnathon,jkulicr8@google.co.uk,Male
Kial,klater9@mit.edu,Female
Maryjane,mkonnekera@tripadvisor.com,Female
Hyacinthe,hvertyrb@cnn.com,Female
Stacey,slemanrc@csmonitor.com,Female
Tanya,twestlakerd@arizona.edu,Female
Simon,ssvanettire@harvard.edu,Male
Evie,eduffrierf@si.edu,Female
Sandi,sbodocsrg@senate.gov,Agender
Menard,mjakobssonrh@slashdot.org,Male
Pippo,pcunifferi@hubpages.com,Male
Rikki,rvernerj@phpbb.com,Male
Jessika,jtroutrk@bloomberg.com,Female
Karalynn,kambagerl@biglobe.ne.jp,Female
Tessi,toglesbeerm@phoca.cz,Female
Nils,nvidlerrn@wikimedia.org,Male
Francisca,fscraggro@shutterfly.com,Female
Fabiano,fjendrysrp@census.gov,Male
Lucille,ljuddrq@cmu.edu,Female
Bria,bjohannessonrr@arizona.edu,Female
